{"resourceType":"CodeSystem","id":"BRLocalAfericao","meta":{"lastUpdated":"2020-03-11T15:15:18.190-03:00"},"language":"pt-BR","text":{"status":"generated","div":"<div xmlns=\"http://www.w3.org/1999/xhtml\" xml:lang=\"pt-BR\" lang=\"pt-BR\"><p>This code system http://www.saude.gov.br/fhir/r4/CodeSystem/BRLocalAfericao defines the following codes:</p><table class=\"codes\"><tr><td style=\"white-space:nowrap\"><b>Code</b></td><td><b>Display</b></td></tr><tr><td style=\"white-space:nowrap\">1<a name=\"BRLocalAfericao-1\"> </a></td><td>Braço direito</td></tr><tr><td style=\"white-space:nowrap\">2<a name=\"BRLocalAfericao-2\"> </a></td><td>Braço esquerdo</td></tr><tr><td style=\"white-space:nowrap\">3<a name=\"BRLocalAfericao-3\"> </a></td><td>Coxa direita</td></tr><tr><td style=\"white-space:nowrap\">4<a name=\"BRLocalAfericao-4\"> </a></td><td>Coxa esquerda</td></tr><tr><td style=\"white-space:nowrap\">5<a name=\"BRLocalAfericao-5\"> </a></td><td>Pulso direito</td></tr><tr><td style=\"white-space:nowrap\">6<a name=\"BRLocalAfericao-6\"> </a></td><td>Pulso esquerdo</td></tr><tr><td style=\"white-space:nowrap\">7<a name=\"BRLocalAfericao-7\"> </a></td><td>Tornozelo direito</td></tr><tr><td style=\"white-space:nowrap\">8<a name=\"BRLocalAfericao-8\"> </a></td><td>Tornozelo esquerdo</td></tr><tr><td style=\"white-space:nowrap\">9<a name=\"BRLocalAfericao-9\"> </a></td><td>Dedo da mão</td></tr><tr><td style=\"white-space:nowrap\">10<a name=\"BRLocalAfericao-10\"> </a></td><td>Dedo do pé</td></tr></table></div>"},"url":"http://www.saude.gov.br/fhir/r4/CodeSystem/BRLocalAfericao","version":"0.1.0","name":"Local de Aferição","title":"Local de aferição","status":"active","experimental":false,"date":"2020-03-11T18:15:38.6898126+00:00","publisher":"Rede Nacional de Dados em Saúde","contact":[{"name":"Rede Nacional de Dados em Saúde","telecom":[{"system":"url","value":"https://github.com/kyriosdata"},{"system":"email","value":"rnds@saude.gov.br"}]}],"description":"Identifica a parte do corpo utilizada para realizar uma mensuração ou aferição.","content":"complete","count":10,"concept":[{"code":"1","display":"Braço direito"},{"code":"2","display":"Braço esquerdo"},{"code":"3","display":"Coxa direita"},{"code":"4","display":"Coxa esquerda"},{"code":"5","display":"Pulso direito"},{"code":"6","display":"Pulso esquerdo"},{"code":"7","display":"Tornozelo direito"},{"code":"8","display":"Tornozelo esquerdo"},{"code":"9","display":"Dedo da mão"},{"code":"10","display":"Dedo do pé"}]}