{"resourceType":"CodeSystem","id":"BRNomeExameGAL","meta":{"lastUpdated":"2020-05-05T08:53:58.110-03:00"},"language":"pt-BR","text":{"status":"generated","div":"<div xmlns=\"http://www.w3.org/1999/xhtml\" xml:lang=\"pt-BR\" lang=\"pt-BR\"><p>This code system http://www.saude.gov.br/fhir/r4/CodeSystem/BRNomeExameGAL defines the following codes:</p><table class=\"codes\"><tr><td style=\"white-space:nowrap\"><b>Code</b></td><td><b>Display</b></td></tr><tr><td style=\"white-space:nowrap\">coronavirusnCoV<a name=\"BRNomeExameGAL-coronavirusnCoV\"> </a></td><td>Novo coronavírus (2019-nCoV)</td></tr><tr><td style=\"white-space:nowrap\">COVID<a name=\"BRNomeExameGAL-COVID\"> </a></td><td>COVID-19, Biologia Molecular</td></tr><tr><td style=\"white-space:nowrap\">CVIDGG<a name=\"BRNomeExameGAL-CVIDGG\"> </a></td><td>COVID-19, IgG</td></tr><tr><td style=\"white-space:nowrap\">CVIDGM<a name=\"BRNomeExameGAL-CVIDGM\"> </a></td><td>COVID-19, IgM</td></tr></table></div>"},"url":"http://www.saude.gov.br/fhir/r4/CodeSystem/BRNomeExameGAL","version":"0.1.0","name":"Exames do GAL","title":"Exame laboratorial (GAL)","status":"active","experimental":false,"date":"2020-05-05T11:53:58.0082379+00:00","publisher":"Rede Nacional de Dados em Saúde","contact":[{"name":"Rede Nacional de Dados em Saúde","telecom":[{"system":"url","value":"https://github.com/kyriosdata"},{"system":"email","value":"rnds@saude.gov.br"}]}],"description":"Classifica o exame laboratorial realizado em amostra biológica para diagnóstico laboratorial, de acordo com o Gerenciador de Ambiente Laboratorial (GAL).","content":"complete","count":4,"concept":[{"code":"coronavirusnCoV","display":"Novo coronavírus (2019-nCoV)"},{"code":"COVID","display":"COVID-19, Biologia Molecular"},{"code":"CVIDGG","display":"COVID-19, IgG"},{"code":"CVIDGM","display":"COVID-19, IgM"}]}