{"resourceType":"ValueSet","id":"BRMotivoDesfecho-1.0","meta":{"lastUpdated":"2020-03-12T10:18:05.304-03:00"},"language":"pt-BR","text":{"status":"generated","div":"<div xmlns=\"http://www.w3.org/1999/xhtml\" xml:lang=\"pt-BR\" lang=\"pt-BR\"><ul><li>Include all codes defined in <a href=\"CodeSystem-BRMotivoDesfecho.html\"><code>http://www.saude.gov.br/fhir/r4/CodeSystem/BRMotivoDesfecho</code></a></li></ul></div>"},"url":"http://www.saude.gov.br/fhir/r4/ValueSet/BRMotivoDesfecho-1.0","version":"0.1.0","name":"BRMotivoDesfecho","title":"Motivo do desfecho do Contato assistencial","status":"active","experimental":false,"date":"2020-03-12T13:18:04.0945614+00:00","publisher":"Rede Nacional de Dados em Saúde","contact":[{"name":"Rede Nacional de Dados em Saúde","telecom":[{"system":"url","value":"https://github.com/kyriosdata"},{"system":"email","value":"rnds@saude.gov.br"}]}],"description":"ValueSet utilizado para classificar o motivo de conclusão total ou parcial do contato assistencial.","immutable":false,"compose":{"include":[{"system":"http://www.saude.gov.br/fhir/r4/CodeSystem/BRMotivoDesfecho","version":"*"}]}}