{"resourceType":"ValueSet","id":"BREstadoCivil-1.0","meta":{"lastUpdated":"2020-03-11T16:16:23.525-03:00"},"language":"pt-BR","text":{"status":"generated","div":"<div xmlns=\"http://www.w3.org/1999/xhtml\" xml:lang=\"pt-BR\" lang=\"pt-BR\"><ul><li>Include these codes as defined in <code>http://hl7.org/fhir/ValueSet/marital-status</code><table class=\"none\"><tr><td style=\"white-space:nowrap\"><b>Code</b></td><td><b>Display</b></td></tr><tr><td>U</td><td>Solteiro(a)</td></tr><tr><td>M</td><td>Casado(a)</td></tr><tr><td>L</td><td>Divorciado(a)</td></tr><tr><td>D</td><td>Separado(a)</td></tr><tr><td>W</td><td>Viuvo(a)</td></tr><tr><td>T</td><td>Em união estável</td></tr></table></li></ul></div>"},"url":"http://www.saude.gov.br/fhir/r4/ValueSet/BREstadoCivil-1.0","version":"0.1.0","name":"BREstadoCivil","title":"Estado Civil","status":"active","experimental":false,"date":"2020-03-11T19:16:44.0248651+00:00","publisher":"Rede Nacional de Dados em Saúde","contact":[{"name":"Rede Nacional de Dados em Saúde","telecom":[{"system":"url","value":"https://github.com/kyriosdata"},{"system":"email","value":"rnds@saude.gov.br"}]}],"description":"Complexo das qualidades de um indivíudo referentes à ordem pública, à ordem privada e à ordem física do ser humano. Refere-se, assim, à cidadania, à família, e à capacidade civil.","immutable":false,"compose":{"include":[{"system":"http://hl7.org/fhir/ValueSet/marital-status","concept":[{"code":"U","display":"Solteiro(a)"},{"code":"M","display":"Casado(a)"},{"code":"L","display":"Divorciado(a)"},{"code":"D","display":"Separado(a)"},{"code":"W","display":"Viuvo(a)"},{"code":"T","display":"Em união estável"}]}]}}