{"resourceType":"ValueSet","id":"BRCID10-1.0","meta":{"lastUpdated":"2020-03-11T16:14:51.806-03:00"},"language":"pt-BR","text":{"status":"generated","div":"<div xmlns=\"http://www.w3.org/1999/xhtml\" xml:lang=\"pt-BR\" lang=\"pt-BR\"><ul><li>Include all codes defined in <a href=\"CodeSystem-BRCID10.html\"><code>http://www.saude.gov.br/fhir/r4/CodeSystem/BRCID10</code></a></li></ul></div>"},"url":"http://www.saude.gov.br/fhir/r4/ValueSet/BRCID10-1.0","version":"0.1.0","name":"BRCID10","title":"Classificação Internacional de Doenças - Décima Revisão - CID-10","status":"active","experimental":false,"date":"2020-03-11T19:15:12.2909517+00:00","publisher":"Rede Nacional de Dados em Saúde","contact":[{"name":"Rede Nacional de Dados em Saúde","telecom":[{"system":"url","value":"https://github.com/kyriosdata"},{"system":"email","value":"rnds@saude.gov.br"}]}],"description":"Classificação Internacional de Doenças - Décima Revisão - CID-10","immutable":false,"compose":{"include":[{"system":"http://www.saude.gov.br/fhir/r4/CodeSystem/BRCID10","version":"*"}]}}