{"resourceType":"ValueSet","id":"BRProcedencia-1.0","meta":{"lastUpdated":"2020-03-12T10:23:45.969-03:00"},"language":"pt-BR","text":{"status":"generated","div":"<div xmlns=\"http://www.w3.org/1999/xhtml\" xml:lang=\"pt-BR\" lang=\"pt-BR\"><ul><li>Include all codes defined in <a href=\"CodeSystem-BRProcedencia.html\"><code>http://www.saude.gov.br/fhir/r4/CodeSystem/BRProcedencia</code></a></li></ul></div>"},"url":"http://www.saude.gov.br/fhir/r4/ValueSet/BRProcedencia-1.0","version":"0.1.0","name":"BRProcedencia","title":"Procedência do Contato Assistencial","status":"active","experimental":false,"date":"2020-03-12T13:23:45.1685886+00:00","publisher":"Rede Nacional de Dados em Saúde","contact":[{"name":"Rede Nacional de Dados em Saúde","telecom":[{"system":"url","value":"https://github.com/kyriosdata"},{"system":"email","value":"rnds@saude.gov.br"}]}],"description":"Classifica o serviço que encaminhou o indivíduo ou a sua iniciativa/de seu responsável na busca pelo acesso ao serviço de saúde.","immutable":false,"compose":{"include":[{"system":"http://www.saude.gov.br/fhir/r4/CodeSystem/BRProcedencia","version":"*"}]}}