{"resourceType":"ValueSet","id":"BRPosicaoIndividuo-1.0","meta":{"lastUpdated":"2020-03-12T10:23:35.881-03:00"},"language":"pt-BR","text":{"status":"generated","div":"<div xmlns=\"http://www.w3.org/1999/xhtml\" xml:lang=\"pt-BR\" lang=\"pt-BR\"><ul><li>Include all codes defined in <a href=\"CodeSystem-BRPosicaoIndividuo.html\"><code>http://www.saude.gov.br/fhir/r4/CodeSystem/BRPosicaoIndividuo</code></a></li></ul></div>"},"url":"http://www.saude.gov.br/fhir/r4/ValueSet/BRPosicaoIndividuo-1.0","version":"0.1.0","name":"BRPosicaoIndividuo","title":"Posição do Indivíduo","status":"active","experimental":false,"date":"2020-03-12T13:23:34.4184256+00:00","publisher":"Rede Nacional de Dados em Saúde","contact":[{"name":"Rede Nacional de Dados em Saúde","telecom":[{"system":"url","value":"https://github.com/kyriosdata"},{"system":"email","value":"rnds@saude.gov.br"}]}],"description":"ValueSet utilizado para identificar a posição do indivíduo no momento da ação / procedimento.","immutable":false,"compose":{"include":[{"system":"http://www.saude.gov.br/fhir/r4/CodeSystem/BRPosicaoIndividuo","version":"*"}]}}