{"resourceType":"ValueSet","id":"BRFinanciamento-1.0","meta":{"lastUpdated":"2020-03-12T10:10:39.310-03:00"},"language":"pt-BR","text":{"status":"generated","div":"<div xmlns=\"http://www.w3.org/1999/xhtml\" xml:lang=\"pt-BR\" lang=\"pt-BR\"><ul><li>Include all codes defined in <a href=\"CodeSystem-BRFinanciamento.html\"><code>http://www.saude.gov.br/fhir/r4/CodeSystem/BRFinanciamento</code></a></li></ul></div>"},"url":"http://www.saude.gov.br/fhir/r4/ValueSet/BRFinanciamento-1.0","version":"0.1.0","name":"BRFinanciamento","title":"Financiamento do procedimento realizado","status":"active","experimental":false,"date":"2020-03-12T13:10:38.3145222+00:00","publisher":"Rede Nacional de Dados em Saúde","contact":[{"name":"Rede Nacional de Dados em Saúde","telecom":[{"system":"url","value":"https://github.com/kyriosdata"},{"system":"email","value":"rnds@saude.gov.br"}]}],"description":"Descreve o agente, instituição ou entidade responsável por custear as ações e serviços de saúde.","immutable":false,"compose":{"include":[{"system":"http://www.saude.gov.br/fhir/r4/CodeSystem/BRFinanciamento","version":"*"}]}}