{"resourceType":"ValueSet","id":"BRTipoObservacao-1.0","meta":{"lastUpdated":"2020-03-12T11:50:59.848-03:00"},"language":"pt-BR","text":{"status":"generated","div":"<div xmlns=\"http://www.w3.org/1999/xhtml\" xml:lang=\"pt-BR\" lang=\"pt-BR\"><p>This value set includes codes based on the following rules:</p><ul><li>Include all codes defined in <a href=\"CodeSystem-BRTipoObservacao.html\"><code>http://www.saude.gov.br/fhir/r4/CodeSystem/BRTipoObservacao</code></a></li><li>Include these codes as defined in <a href=\"CodeSystem-BRTabelaSUS.html\"><code>http://www.saude.gov.br/fhir/r4/CodeSystem/BRTabelaSUS</code></a><table class=\"none\"><tr><td style=\"white-space:nowrap\"><b>Code</b></td><td><b>Display</b></td></tr><tr><td><a href=\"CodeSystem-BRTabelaSUS.html#BRTabelaSUS-0301100039\">0301100039</a></td><td>AFERIÇÃO DE PRESSÃO ARTERIAL</td></tr></table></li></ul></div>"},"url":"http://www.saude.gov.br/fhir/r4/ValueSet/BRTipoObservacao-1.0","version":"0.1.0","name":"BRTipoObservacao","title":"Tipo de Observação","status":"active","experimental":false,"date":"2020-03-12T14:50:59.5025981+00:00","publisher":"Rede Nacional de Dados em Saúde","contact":[{"name":"Rede Nacional de Dados em Saúde","telecom":[{"system":"url","value":"https://github.com/kyriosdata"},{"system":"email","value":"rnds@saude.gov.br"}]}],"description":"Tipo de Observação.","immutable":false,"compose":{"include":[{"system":"http://www.saude.gov.br/fhir/r4/CodeSystem/BRTipoObservacao","version":"*"},{"system":"http://www.saude.gov.br/fhir/r4/CodeSystem/BRTabelaSUS","concept":[{"code":"0301100039"}]}]}}