{"resourceType":"ValueSet","id":"BRSituacaoCOndicaoIndividuo-1.0","meta":{"lastUpdated":"2020-03-12T10:26:38.467-03:00"},"language":"pt-BR","text":{"status":"generated","div":"<div xmlns=\"http://www.w3.org/1999/xhtml\" xml:lang=\"pt-BR\" lang=\"pt-BR\"><ul><li>Include all codes defined in <a href=\"CodeSystem-BRSituacaoCondicaoIndividuo.html\"><code>http://www.saude.gov.br/fhir/r4/CodeSystem/BRSituacaoCondicaoIndividuo</code></a></li></ul></div>"},"url":"http://www.saude.gov.br/fhir/r4/ValueSet/BRSituacaoCondicaoIndividuo-1.0","version":"0.1.0","name":"BRSituacaoCOndicaoIndividuo","title":"Situação/Condição do Indivíduo na Administração de Imunobiológico","status":"active","experimental":false,"date":"2020-03-12T13:26:37.7466865+00:00","publisher":"Rede Nacional de Dados em Saúde","contact":[{"name":"Rede Nacional de Dados em Saúde","telecom":[{"system":"url","value":"https://github.com/kyriosdata"},{"system":"email","value":"rnds@saude.gov.br"}]}],"description":"Classifica a situação/condição de um indivíudo em um contexto.","immutable":false,"compose":{"include":[{"system":"http://www.saude.gov.br/fhir/r4/CodeSystem/BRSituacaoCondicaoIndividuo","version":"*"}]}}