{"resourceType":"ValueSet","id":"BRComponenteAssistenciaFarmaceutica-1.0","meta":{"lastUpdated":"2020-03-11T16:15:53.620-03:00"},"language":"pt-BR","text":{"status":"generated","div":"<div xmlns=\"http://www.w3.org/1999/xhtml\" xml:lang=\"pt-BR\" lang=\"pt-BR\"><ul><li>Include all codes defined in <a href=\"CodeSystem-BRComponenteAssistenciaFarmaceutica.html\"><code>http://www.saude.gov.br/fhir/r4/CodeSystem/BRComponenteAssistenciaFarmaceutica</code></a></li></ul></div>"},"url":"http://www.saude.gov.br/fhir/r4/ValueSet/BRComponenteAssistenciaFarmaceutica-1.0","version":"0.1.0","name":"BRComponenteAssistenciaFarmaceutica","title":"Componente da Assistência Farmacêutica","status":"active","experimental":false,"date":"2020-03-11T19:16:14.109669+00:00","publisher":"Rede Nacional de Dados em Saúde","contact":[{"name":"Rede Nacional de Dados em Saúde","telecom":[{"system":"url","value":"https://github.com/kyriosdata"},{"system":"email","value":"rnds@saude.gov.br"}]}],"description":"Classifica o componente da assistência farmacêutica o qual o produto dispensado é vinculado.","immutable":false,"compose":{"include":[{"system":"http://www.saude.gov.br/fhir/r4/CodeSystem/BRComponenteAssistenciaFarmaceutica","version":"*"}]}}