{"resourceType":"ValueSet","id":"BRProcedimentosNacionais-1.0","meta":{"lastUpdated":"2020-04-07T15:23:28.563-03:00"},"language":"pt-BR","text":{"status":"generated","div":"<div xmlns=\"http://www.w3.org/1999/xhtml\" xml:lang=\"pt-BR\" lang=\"pt-BR\"><p>This value set includes codes based on the following rules:</p><ul><li>Include all codes defined in <a href=\"CodeSystem-BRCBHPMTUSS.html\"><code>http://www.saude.gov.br/fhir/r4/CodeSystem/BRCBHPMTUSS</code></a></li><li>Include all codes defined in <a href=\"CodeSystem-BRTabelaSUS.html\"><code>http://www.saude.gov.br/fhir/r4/CodeSystem/BRTabelaSUS</code></a></li></ul></div>"},"url":"http://www.saude.gov.br/fhir/r4/ValueSet/BRProcedimentosNacionais-1.0","version":"0.1.0","name":"BRProcedimentosNacionais","title":"Procedimento realizado","status":"active","experimental":false,"date":"2020-04-07T18:23:26.5540616+00:00","publisher":"Rede Nacional de Dados em Saúde","contact":[{"name":"Rede Nacional de Dados em Saúde","telecom":[{"system":"url","value":"https://github.com/kyriosdata"},{"system":"email","value":"rnds@saude.gov.br"}]}],"description":"Value Set das classificações brasileiras para procedimentos adotadas em contexto nacional.","immutable":false,"compose":{"include":[{"system":"http://www.saude.gov.br/fhir/r4/CodeSystem/BRCBHPMTUSS","version":"*"},{"system":"http://www.saude.gov.br/fhir/r4/CodeSystem/BRTabelaSUS","version":"*"}]}}