{"resourceType":"ValueSet","id":"BRTipoLogradouro-1.0","meta":{"lastUpdated":"2020-03-12T11:50:48.259-03:00"},"language":"pt-BR","text":{"status":"generated","div":"<div xmlns=\"http://www.w3.org/1999/xhtml\" xml:lang=\"pt-BR\" lang=\"pt-BR\"><ul><li>Include all codes defined in <a href=\"CodeSystem-BRTipoLogradouro.html\"><code>http://www.saude.gov.br/fhir/r4/CodeSystem/BRTipoLogradouro</code></a></li></ul></div>"},"url":"http://www.saude.gov.br/fhir/r4/ValueSet/BRTipoLogradouro-1.0","version":"0.1.0","name":"BRTipoLogradouro","title":"Tipo de Logradouro","status":"active","experimental":false,"date":"2020-03-12T14:50:47.8940392+00:00","publisher":"Rede Nacional de Dados em Saúde","contact":[{"name":"Rede Nacional de Dados em Saúde","telecom":[{"system":"url","value":"https://github.com/kyriosdata"},{"system":"email","value":"rnds@saude.gov.br"}]}],"description":"Classifica o tipo de logradouro.","immutable":false,"compose":{"include":[{"system":"http://www.saude.gov.br/fhir/r4/CodeSystem/BRTipoLogradouro","version":"*"}]}}