{"resourceType":"ValueSet","id":"BREstadoObservacao-1.0","meta":{"lastUpdated":"2020-03-12T10:09:43.939-03:00"},"language":"pt-BR","text":{"status":"extensions","div":"<div xmlns=\"http://www.w3.org/1999/xhtml\" xml:lang=\"pt-BR\" lang=\"pt-BR\"><ul><li>Include these codes as defined in <a href=\"http://hl7.org/fhir/R4/codesystem-observation-status.html\"><code>http://hl7.org/fhir/observation-status</code></a><table class=\"none\"><tr><td style=\"white-space:nowrap\"><b>Code</b></td><td><b>Display</b></td><td><b>Definition</b></td></tr><tr><td><a href=\"http://hl7.org/fhir/R4/codesystem-observation-status.html#observation-status-final\">final</a></td><td>Concluída</td><td>The observation is complete and there are no further actions needed. Additional information such &quot;released&quot;, &quot;signed&quot;, etc would be represented using [Provenance](provenance.html) which provides not only the act but also the actors and dates and other related data. These act states would be associated with an observation status of `preliminary` until they are all completed and then a status of `final` would be applied.</td></tr><tr><td><a href=\"http://hl7.org/fhir/R4/codesystem-observation-status.html#observation-status-entered-in-error\">entered-in-error</a></td><td>Cancelada por informação errada</td><td>The observation has been withdrawn following previous final release.  This electronic record should never have existed, though it is possible that real-world decisions were based on it. (If real-world activity has occurred, the status should be &quot;cancelled&quot; rather than &quot;entered-in-error&quot;.).</td></tr></table></li></ul></div>"},"url":"http://www.saude.gov.br/fhir/r4/ValueSet/BREstadoObservacao-1.0","version":"0.1.0","name":"BREstadoObservacao","title":"Estado da Observação.","status":"active","experimental":false,"date":"2020-03-12T13:09:42.3921631+00:00","publisher":"Rede Nacional de Dados em Saúde","contact":[{"name":"Rede Nacional de Dados em Saúde","telecom":[{"system":"url","value":"https://github.com/kyriosdata"},{"system":"email","value":"rnds@saude.gov.br"}]}],"description":"Tipos de estados de uma observação.","immutable":false,"compose":{"include":[{"system":"http://hl7.org/fhir/observation-status","concept":[{"code":"final","display":"Concluída"},{"code":"entered-in-error","display":"Cancelada por informação errada"}]}]}}