{"resourceType":"ValueSet","id":"BRCBO-1.0","meta":{"lastUpdated":"2020-04-07T17:51:20.256-03:00"},"language":"pt-BR","text":{"status":"generated","div":"<div xmlns=\"http://www.w3.org/1999/xhtml\" xml:lang=\"pt-BR\" lang=\"pt-BR\"><ul><li>Include all codes defined in <a href=\"CodeSystem-BRCBO.html\"><code>http://www.saude.gov.br/fhir/r4/CodeSystem/BRCBO</code></a></li></ul></div>"},"url":"http://www.saude.gov.br/fhir/r4/ValueSet/BRCBO-1.0","version":"0.1.0","name":"BRCBO","title":"Classificação Brasileira de Ocupações","status":"active","experimental":false,"date":"2020-04-07T20:51:17.5349531+00:00","publisher":"Rede Nacional de Dados em Saúde","contact":[{"name":"Rede Nacional de Dados em Saúde","telecom":[{"system":"url","value":"https://github.com/kyriosdata"},{"system":"email","value":"rnds@saude.gov.br"}]}],"description":"Classifica as ocupações no mercado brasileiro","immutable":false,"compose":{"include":[{"system":"http://www.saude.gov.br/fhir/r4/CodeSystem/BRCBO","version":"*"}]}}