{"resourceType":"ValueSet","id":"BRUnidadeFarmaceutica-1.0","meta":{"lastUpdated":"2020-03-12T11:51:12.511-03:00"},"language":"pt-BR","text":{"status":"generated","div":"<div xmlns=\"http://www.w3.org/1999/xhtml\" xml:lang=\"pt-BR\" lang=\"pt-BR\"><ul><li>Include all codes defined in <a href=\"CodeSystem-BRUnidadeFarmaceutica.html\"><code>http://www.saude.gov.br/fhir/r4/CodeSystem/BRUnidadeFarmaceutica</code></a></li></ul></div>"},"url":"http://www.saude.gov.br/fhir/r4/ValueSet/BRUnidadeFarmaceutica-1.0","version":"0.1.0","name":"BRUnidadeFarmaceutica","title":"Unidade Farmacêutica","status":"active","experimental":false,"date":"2020-03-12T14:51:12.1275181+00:00","publisher":"Rede Nacional de Dados em Saúde","contact":[{"name":"Rede Nacional de Dados em Saúde","telecom":[{"system":"url","value":"https://github.com/kyriosdata"},{"system":"email","value":"rnds@saude.gov.br"}]}],"description":"Identifica a unidade farmacêutica do medicamento conforme Base Nacional da Assistência Farmacêutica (BNAFAR).","immutable":false,"compose":{"include":[{"system":"http://www.saude.gov.br/fhir/r4/CodeSystem/BRUnidadeFarmaceutica","version":"*"}]}}