{"resourceType":"ValueSet","id":"BRCategoriaExame-1.0","meta":{"lastUpdated":"2020-03-26T10:20:05.669-03:00"},"language":"pt-BR","text":{"status":"generated","div":"<div xmlns=\"http://www.w3.org/1999/xhtml\" xml:lang=\"pt-BR\" lang=\"pt-BR\"><ul><li>Include all codes defined in <a href=\"CodeSystem-BRSubgrupoTabelaSUS.html\"><code>http://www.saude.gov.br/fhir/r4/CodeSystem/BRSubgrupoTabelaSUS</code></a></li></ul></div>"},"url":"http://www.saude.gov.br/fhir/r4/ValueSet/BRCategoriaExame-1.0","version":"0.1.0","name":"BRCategoriaExame","title":"Categoria do exame","status":"active","experimental":false,"date":"2020-03-26T13:20:04.5290649+00:00","publisher":"Rede Nacional de Dados em Saúde","contact":[{"name":"Rede Nacional de Dados em Saúde","telecom":[{"system":"url","value":"https://github.com/kyriosdata"},{"system":"email","value":"rnds@saude.gov.br"}]}],"description":"Categoriza exames ou testes utilizando os subgrupos do grupo 02 - Procedimentos com finalidade diagnóstica da Tabela SUS.","immutable":false,"compose":{"include":[{"system":"http://www.saude.gov.br/fhir/r4/CodeSystem/BRSubgrupoTabelaSUS","version":"*"}]}}