<?xml version="1.0" encoding="UTF-8"?>

<CodeSystem xmlns="http://hl7.org/fhir">
  <id value="BRModalidadeAssistencial"/>
  <meta>
    <lastUpdated value="2020-03-11T15:15:59.439-03:00"/>
  </meta>
  <language value="pt-BR"/>
  <text>
    <status value="generated"/><div xmlns="http://www.w3.org/1999/xhtml" xml:lang="pt-BR" lang="pt-BR"><p>This code system http://www.saude.gov.br/fhir/r4/CodeSystem/BRModalidadeAssistencial defines the following codes:</p><table class="codes"><tr><td style="white-space:nowrap"><b>Code</b></td><td><b>Display</b></td></tr><tr><td style="white-space:nowrap">01<a name="BRModalidadeAssistencial-01"> </a></td><td>Atenção Básica</td></tr><tr><td style="white-space:nowrap">02<a name="BRModalidadeAssistencial-02"> </a></td><td>Atenção Domiciliar</td></tr><tr><td style="white-space:nowrap">03<a name="BRModalidadeAssistencial-03"> </a></td><td>Atenção Intermediária</td></tr><tr><td style="white-space:nowrap">04<a name="BRModalidadeAssistencial-04"> </a></td><td>Atenção Hospitalar</td></tr><tr><td style="white-space:nowrap">05<a name="BRModalidadeAssistencial-05"> </a></td><td>Atenção Psicossocial</td></tr><tr><td style="white-space:nowrap">06<a name="BRModalidadeAssistencial-06"> </a></td><td>Atenção à Urgência/Emergência</td></tr><tr><td style="white-space:nowrap">07<a name="BRModalidadeAssistencial-07"> </a></td><td>Ambulatorial Especializada</td></tr></table></div>
  </text>
  <url value="http://www.saude.gov.br/fhir/r4/CodeSystem/BRModalidadeAssistencial"/>
  <version value="0.1.0"/>
  <name value="Modalidade Assistencial"/>
  <title value="Modalidade de assistência"/>
  <status value="active"/>
  <experimental value="false"/>
  <date value="2020-03-11T18:16:19.9468275+00:00"/>
  <publisher value="Rede Nacional de Dados em Saúde"/>
  <contact>
    <name value="Rede Nacional de Dados em Saúde"/>
    <telecom>
      <system value="url"/>
      <value value="https://github.com/kyriosdata"/>
    </telecom>
    <telecom>
      <system value="email"/>
      <value value="rnds@saude.gov.br"/>
    </telecom>
  </contact>
  <description value="Classifica os contatos assistenciais de acordo com as especificidades do modo, local e duração do atendimento"/>
  <content value="complete"/>
  <count value="7"/>
  <concept>
    <code value="01"/>
    <display value="Atenção Básica"/>
  </concept>
  <concept>
    <code value="02"/>
    <display value="Atenção Domiciliar"/>
  </concept>
  <concept>
    <code value="03"/>
    <display value="Atenção Intermediária"/>
  </concept>
  <concept>
    <code value="04"/>
    <display value="Atenção Hospitalar"/>
  </concept>
  <concept>
    <code value="05"/>
    <display value="Atenção Psicossocial"/>
  </concept>
  <concept>
    <code value="06"/>
    <display value="Atenção à Urgência/Emergência"/>
  </concept>
  <concept>
    <code value="07"/>
    <display value="Ambulatorial Especializada"/>
  </concept>
</CodeSystem>