<?xml version="1.0" encoding="UTF-8"?>

<CodeSystem xmlns="http://hl7.org/fhir">
  <id value="BRUnidadeFarmaceutica"/>
  <meta>
    <lastUpdated value="2020-03-11T15:25:47.887-03:00"/>
  </meta>
  <language value="pt-BR"/>
  <text>
    <status value="generated"/><div xmlns="http://www.w3.org/1999/xhtml" xml:lang="pt-BR" lang="pt-BR"><p>This code system http://www.saude.gov.br/fhir/r4/CodeSystem/BRUnidadeFarmaceutica defines the following codes:</p><table class="codes"><tr><td style="white-space:nowrap"><b>Code</b></td><td><b>Display</b></td></tr><tr><td style="white-space:nowrap">01<a name="BRUnidadeFarmaceutica-01"> </a></td><td>AMP</td></tr><tr><td style="white-space:nowrap">03<a name="BRUnidadeFarmaceutica-03"> </a></td><td>BAR.</td></tr><tr><td style="white-space:nowrap">05<a name="BRUnidadeFarmaceutica-05"> </a></td><td>BAS.</td></tr><tr><td style="white-space:nowrap">06<a name="BRUnidadeFarmaceutica-06"> </a></td><td>BS.</td></tr><tr><td style="white-space:nowrap">09<a name="BRUnidadeFarmaceutica-09"> </a></td><td>BOL.</td></tr><tr><td style="white-space:nowrap">100<a name="BRUnidadeFarmaceutica-100"> </a></td><td>MG</td></tr><tr><td style="white-space:nowrap">11<a name="BRUnidadeFarmaceutica-11"> </a></td><td>CX.</td></tr><tr><td style="white-space:nowrap">114<a name="BRUnidadeFarmaceutica-114"> </a></td><td>UN</td></tr><tr><td style="white-space:nowrap">117<a name="BRUnidadeFarmaceutica-117"> </a></td><td>ENV</td></tr><tr><td style="white-space:nowrap">12<a name="BRUnidadeFarmaceutica-12"> </a></td><td>CPS.</td></tr><tr><td style="white-space:nowrap">14<a name="BRUnidadeFarmaceutica-14"> </a></td><td>CART.</td></tr><tr><td style="white-space:nowrap">17<a name="BRUnidadeFarmaceutica-17"> </a></td><td>CM</td></tr><tr><td style="white-space:nowrap">21<a name="BRUnidadeFarmaceutica-21"> </a></td><td>COMP.</td></tr><tr><td style="white-space:nowrap">23<a name="BRUnidadeFarmaceutica-23"> </a></td><td>DRG.</td></tr><tr><td style="white-space:nowrap">25<a name="BRUnidadeFarmaceutica-25"> </a></td><td>ENV.</td></tr><tr><td style="white-space:nowrap">31<a name="BRUnidadeFarmaceutica-31"> </a></td><td>FR.</td></tr><tr><td style="white-space:nowrap">32<a name="BRUnidadeFarmaceutica-32"> </a></td><td>FR-AMP.</td></tr><tr><td style="white-space:nowrap">36<a name="BRUnidadeFarmaceutica-36"> </a></td><td>GR.</td></tr><tr><td style="white-space:nowrap">37<a name="BRUnidadeFarmaceutica-37"> </a></td><td>GS.</td></tr><tr><td style="white-space:nowrap">39<a name="BRUnidadeFarmaceutica-39"> </a></td><td>LT.</td></tr><tr><td style="white-space:nowrap">46<a name="BRUnidadeFarmaceutica-46"> </a></td><td>ML.</td></tr><tr><td style="white-space:nowrap">48<a name="BRUnidadeFarmaceutica-48"> </a></td><td>OV.</td></tr><tr><td style="white-space:nowrap">51<a name="BRUnidadeFarmaceutica-51"> </a></td><td>PAST.</td></tr><tr><td style="white-space:nowrap">55<a name="BRUnidadeFarmaceutica-55"> </a></td><td>PTE.</td></tr><tr><td style="white-space:nowrap">60<a name="BRUnidadeFarmaceutica-60"> </a></td><td>SUP.</td></tr><tr><td style="white-space:nowrap">61<a name="BRUnidadeFarmaceutica-61"> </a></td><td>TBL.</td></tr><tr><td style="white-space:nowrap">65<a name="BRUnidadeFarmaceutica-65"> </a></td><td>TB.</td></tr><tr><td style="white-space:nowrap">66<a name="BRUnidadeFarmaceutica-66"> </a></td><td>UN</td></tr><tr><td style="white-space:nowrap">70<a name="BRUnidadeFarmaceutica-70"> </a></td><td>TBT.</td></tr><tr><td style="white-space:nowrap">75<a name="BRUnidadeFarmaceutica-75"> </a></td><td>CARTELA</td></tr><tr><td style="white-space:nowrap">78<a name="BRUnidadeFarmaceutica-78"> </a></td><td>SERINGA</td></tr><tr><td style="white-space:nowrap">79<a name="BRUnidadeFarmaceutica-79"> </a></td><td>BLISTER</td></tr><tr><td style="white-space:nowrap">80<a name="BRUnidadeFarmaceutica-80"> </a></td><td>SACHE</td></tr><tr><td style="white-space:nowrap">81<a name="BRUnidadeFarmaceutica-81"> </a></td><td>DOSE</td></tr><tr><td style="white-space:nowrap">82<a name="BRUnidadeFarmaceutica-82"> </a></td><td>CARP</td></tr><tr><td style="white-space:nowrap">83<a name="BRUnidadeFarmaceutica-83"> </a></td><td>FLAC</td></tr><tr><td style="white-space:nowrap">84<a name="BRUnidadeFarmaceutica-84"> </a></td><td>CAP LIB PR</td></tr><tr><td style="white-space:nowrap">85<a name="BRUnidadeFarmaceutica-85"> </a></td><td>CAP LIB RE</td></tr><tr><td style="white-space:nowrap">86<a name="BRUnidadeFarmaceutica-86"> </a></td><td>CAP INAL</td></tr><tr><td style="white-space:nowrap">87<a name="BRUnidadeFarmaceutica-87"> </a></td><td>COMP</td></tr><tr><td style="white-space:nowrap">88<a name="BRUnidadeFarmaceutica-88"> </a></td><td>CP DS LENT</td></tr><tr><td style="white-space:nowrap">89<a name="BRUnidadeFarmaceutica-89"> </a></td><td>COMP/CP LR</td></tr><tr><td style="white-space:nowrap">90<a name="BRUnidadeFarmaceutica-90"> </a></td><td>DRÁG/COMP</td></tr><tr><td style="white-space:nowrap">91<a name="BRUnidadeFarmaceutica-91"> </a></td><td>ENEMA</td></tr><tr><td style="white-space:nowrap">92<a name="BRUnidadeFarmaceutica-92"> </a></td><td>FR 100 DOS</td></tr><tr><td style="white-space:nowrap">93<a name="BRUnidadeFarmaceutica-93"> </a></td><td>FR 200 DOS</td></tr><tr><td style="white-space:nowrap">94<a name="BRUnidadeFarmaceutica-94"> </a></td><td>FR 60 DOS</td></tr><tr><td style="white-space:nowrap">95<a name="BRUnidadeFarmaceutica-95"> </a></td><td>F-AP/SR PR</td></tr><tr><td style="white-space:nowrap">96<a name="BRUnidadeFarmaceutica-96"> </a></td><td>SER PREENC</td></tr><tr><td style="white-space:nowrap">97<a name="BRUnidadeFarmaceutica-97"> </a></td><td>CAP</td></tr><tr><td style="white-space:nowrap">98<a name="BRUnidadeFarmaceutica-98"> </a></td><td>DRÁGEA</td></tr><tr><td style="white-space:nowrap">99<a name="BRUnidadeFarmaceutica-99"> </a></td><td>SUPOS</td></tr></table></div>
  </text>
  <url value="http://www.saude.gov.br/fhir/r4/CodeSystem/BRUnidadeFarmaceutica"/>
  <version value="0.1.0"/>
  <name value="Unidade Farmacêutica"/>
  <title value="Unidade farmacêutica de uma substância"/>
  <status value="active"/>
  <experimental value="false"/>
  <date value="2020-03-11T18:26:08.3841005+00:00"/>
  <publisher value="Rede Nacional de Dados em Saúde"/>
  <contact>
    <name value="Rede Nacional de Dados em Saúde"/>
    <telecom>
      <system value="url"/>
      <value value="https://github.com/kyriosdata"/>
    </telecom>
    <telecom>
      <system value="email"/>
      <value value="rnds@saude.gov.br"/>
    </telecom>
  </contact>
  <description value="Identifica a unidade farmacêutica de uma substância."/>
  <content value="complete"/>
  <count value="52"/>
  <concept>
    <code value="01"/>
    <display value="AMP"/>
  </concept>
  <concept>
    <code value="03"/>
    <display value="BAR."/>
  </concept>
  <concept>
    <code value="05"/>
    <display value="BAS."/>
  </concept>
  <concept>
    <code value="06"/>
    <display value="BS."/>
  </concept>
  <concept>
    <code value="09"/>
    <display value="BOL."/>
  </concept>
  <concept>
    <code value="100"/>
    <display value="MG"/>
  </concept>
  <concept>
    <code value="11"/>
    <display value="CX."/>
  </concept>
  <concept>
    <code value="114"/>
    <display value="UN"/>
  </concept>
  <concept>
    <code value="117"/>
    <display value="ENV"/>
  </concept>
  <concept>
    <code value="12"/>
    <display value="CPS."/>
  </concept>
  <concept>
    <code value="14"/>
    <display value="CART."/>
  </concept>
  <concept>
    <code value="17"/>
    <display value="CM"/>
  </concept>
  <concept>
    <code value="21"/>
    <display value="COMP."/>
  </concept>
  <concept>
    <code value="23"/>
    <display value="DRG."/>
  </concept>
  <concept>
    <code value="25"/>
    <display value="ENV."/>
  </concept>
  <concept>
    <code value="31"/>
    <display value="FR."/>
  </concept>
  <concept>
    <code value="32"/>
    <display value="FR-AMP."/>
  </concept>
  <concept>
    <code value="36"/>
    <display value="GR."/>
  </concept>
  <concept>
    <code value="37"/>
    <display value="GS."/>
  </concept>
  <concept>
    <code value="39"/>
    <display value="LT."/>
  </concept>
  <concept>
    <code value="46"/>
    <display value="ML."/>
  </concept>
  <concept>
    <code value="48"/>
    <display value="OV."/>
  </concept>
  <concept>
    <code value="51"/>
    <display value="PAST."/>
  </concept>
  <concept>
    <code value="55"/>
    <display value="PTE."/>
  </concept>
  <concept>
    <code value="60"/>
    <display value="SUP."/>
  </concept>
  <concept>
    <code value="61"/>
    <display value="TBL."/>
  </concept>
  <concept>
    <code value="65"/>
    <display value="TB."/>
  </concept>
  <concept>
    <code value="66"/>
    <display value="UN"/>
  </concept>
  <concept>
    <code value="70"/>
    <display value="TBT."/>
  </concept>
  <concept>
    <code value="75"/>
    <display value="CARTELA"/>
  </concept>
  <concept>
    <code value="78"/>
    <display value="SERINGA"/>
  </concept>
  <concept>
    <code value="79"/>
    <display value="BLISTER"/>
  </concept>
  <concept>
    <code value="80"/>
    <display value="SACHE"/>
  </concept>
  <concept>
    <code value="81"/>
    <display value="DOSE"/>
  </concept>
  <concept>
    <code value="82"/>
    <display value="CARP"/>
  </concept>
  <concept>
    <code value="83"/>
    <display value="FLAC"/>
  </concept>
  <concept>
    <code value="84"/>
    <display value="CAP LIB PR"/>
  </concept>
  <concept>
    <code value="85"/>
    <display value="CAP LIB RE"/>
  </concept>
  <concept>
    <code value="86"/>
    <display value="CAP INAL"/>
  </concept>
  <concept>
    <code value="87"/>
    <display value="COMP"/>
  </concept>
  <concept>
    <code value="88"/>
    <display value="CP DS LENT"/>
  </concept>
  <concept>
    <code value="89"/>
    <display value="COMP/CP LR"/>
  </concept>
  <concept>
    <code value="90"/>
    <display value="DRÁG/COMP"/>
  </concept>
  <concept>
    <code value="91"/>
    <display value="ENEMA"/>
  </concept>
  <concept>
    <code value="92"/>
    <display value="FR 100 DOS"/>
  </concept>
  <concept>
    <code value="93"/>
    <display value="FR 200 DOS"/>
  </concept>
  <concept>
    <code value="94"/>
    <display value="FR 60 DOS"/>
  </concept>
  <concept>
    <code value="95"/>
    <display value="F-AP/SR PR"/>
  </concept>
  <concept>
    <code value="96"/>
    <display value="SER PREENC"/>
  </concept>
  <concept>
    <code value="97"/>
    <display value="CAP"/>
  </concept>
  <concept>
    <code value="98"/>
    <display value="DRÁGEA"/>
  </concept>
  <concept>
    <code value="99"/>
    <display value="SUPOS"/>
  </concept>
</CodeSystem>