<?xml version="1.0" encoding="UTF-8"?>

<CodeSystem xmlns="http://hl7.org/fhir">
  <id value="BRClassificacaoLista"/>
  <meta>
    <lastUpdated value="2020-03-11T16:12:17.622-03:00"/>
  </meta>
  <language value="pt-BR"/>
  <text>
    <status value="generated"/><div xmlns="http://www.w3.org/1999/xhtml" xml:lang="pt-BR" lang="pt-BR"><p>This code system http://www.saude.gov.br/fhir/r4/CodeSystem/BRClassificacaoLista defines the following codes:</p><table class="codes"><tr><td style="white-space:nowrap"><b>Code</b></td><td><b>Display</b></td></tr><tr><td style="white-space:nowrap">immunizations<a name="BRClassificacaoLista-immunizations"> </a></td><td>Lista de Imunobiológicos</td></tr><tr><td style="white-space:nowrap">medications<a name="BRClassificacaoLista-medications"> </a></td><td>Lista de Medicamentos</td></tr></table></div>
  </text>
  <url value="http://www.saude.gov.br/fhir/r4/CodeSystem/BRClassificacaoLista"/>
  <version value="0.1.0"/>
  <name value="Classificações das listas"/>
  <title value="Listas"/>
  <status value="active"/>
  <experimental value="false"/>
  <date value="2020-03-11T19:12:38.106929+00:00"/>
  <publisher value="Rede Nacional de Dados em Saúde"/>
  <contact>
    <name value="Rede Nacional de Dados em Saúde"/>
    <telecom>
      <system value="url"/>
      <value value="https://github.com/kyriosdata"/>
    </telecom>
    <telecom>
      <system value="email"/>
      <value value="rnds@saude.gov.br"/>
    </telecom>
  </contact>
  <description value="Classificações das listas utilizadas na Rede Nacional de Dados em Saúde."/>
  <content value="complete"/>
  <count value="2"/>
  <concept>
    <code value="immunizations"/>
    <display value="Lista de Imunobiológicos"/>
  </concept>
  <concept>
    <code value="medications"/>
    <display value="Lista de Medicamentos"/>
  </concept>
</CodeSystem>