<?xml version="1.0" encoding="UTF-8"?>

<CodeSystem xmlns="http://hl7.org/fhir">
  <id value="BRGrupoAtendimento"/>
  <language value="pt-BR"/>
  <text>
    <status value="generated"/><div xmlns="http://www.w3.org/1999/xhtml" xml:lang="pt-BR" lang="pt-BR"><p>This code system http://www.saude.gov.br/fhir/r4/CodeSystem/BRGrupoAtendimento defines the following codes:</p><table class="codes"><tr><td style="white-space:nowrap"><b>Code</b></td><td><b>Display</b></td></tr><tr><td style="white-space:nowrap">000101<a name="BRGrupoAtendimento-000101"> </a></td><td>Anemia Falciforme</td></tr><tr><td style="white-space:nowrap">000102<a name="BRGrupoAtendimento-000102"> </a></td><td>Câncer</td></tr><tr><td style="white-space:nowrap">000103<a name="BRGrupoAtendimento-000103"> </a></td><td>Diabetes Mellitus</td></tr><tr><td style="white-space:nowrap">000104<a name="BRGrupoAtendimento-000104"> </a></td><td>Doença Pulmonar Obstrutiva Crônica</td></tr><tr><td style="white-space:nowrap">000105<a name="BRGrupoAtendimento-000105"> </a></td><td>Doença Renal</td></tr><tr><td style="white-space:nowrap">000106<a name="BRGrupoAtendimento-000106"> </a></td><td>Doenças Cardiovasculares e Cerebrovasculares</td></tr><tr><td style="white-space:nowrap">000107<a name="BRGrupoAtendimento-000107"> </a></td><td>Hipertensão de difícil controle ou com compilcações/lesão de órgão alvo</td></tr><tr><td style="white-space:nowrap">000108<a name="BRGrupoAtendimento-000108"> </a></td><td>Indivíduos Transplantados de Órgão Sólido</td></tr><tr><td style="white-space:nowrap">000109<a name="BRGrupoAtendimento-000109"> </a></td><td>Obesidade Grave (Imc≥40)</td></tr><tr><td style="white-space:nowrap">000201<a name="BRGrupoAtendimento-000201"> </a></td><td>Pessoas de 60 a 64 anos</td></tr><tr><td style="white-space:nowrap">000202<a name="BRGrupoAtendimento-000202"> </a></td><td>Pessoas de 65 a 69 anos</td></tr><tr><td style="white-space:nowrap">000203<a name="BRGrupoAtendimento-000203"> </a></td><td>Pessoas de 70 a 74 anos</td></tr><tr><td style="white-space:nowrap">000204<a name="BRGrupoAtendimento-000204"> </a></td><td>Pessoas de 75 a 79 anos</td></tr><tr><td style="white-space:nowrap">000205<a name="BRGrupoAtendimento-000205"> </a></td><td>Pessoas de 80 anos ou mais</td></tr><tr><td style="white-space:nowrap">000301<a name="BRGrupoAtendimento-000301"> </a></td><td>Pessoas de 60 nos ou mais Institucionalizadas</td></tr><tr><td style="white-space:nowrap">000401<a name="BRGrupoAtendimento-000401"> </a></td><td>Marinha do Brasil - MB</td></tr><tr><td style="white-space:nowrap">000402<a name="BRGrupoAtendimento-000402"> </a></td><td>Exército Brasileiro - EB</td></tr><tr><td style="white-space:nowrap">000403<a name="BRGrupoAtendimento-000403"> </a></td><td>Força Aérea Brasileira - FAB</td></tr><tr><td style="white-space:nowrap">000501<a name="BRGrupoAtendimento-000501"> </a></td><td>Bombeiro Civil</td></tr><tr><td style="white-space:nowrap">000502<a name="BRGrupoAtendimento-000502"> </a></td><td>Bombeiro Militar</td></tr><tr><td style="white-space:nowrap">000503<a name="BRGrupoAtendimento-000503"> </a></td><td>Guarda Municipal</td></tr><tr><td style="white-space:nowrap">000504<a name="BRGrupoAtendimento-000504"> </a></td><td>Policial Rodoviário Federal</td></tr><tr><td style="white-space:nowrap">000505<a name="BRGrupoAtendimento-000505"> </a></td><td>Policial Civil</td></tr><tr><td style="white-space:nowrap">000506<a name="BRGrupoAtendimento-000506"> </a></td><td>Policial Federal</td></tr><tr><td style="white-space:nowrap">000507<a name="BRGrupoAtendimento-000507"> </a></td><td>Policial Militar</td></tr><tr><td style="white-space:nowrap">000601<a name="BRGrupoAtendimento-000601"> </a></td><td>Quilombola</td></tr><tr><td style="white-space:nowrap">000602<a name="BRGrupoAtendimento-000602"> </a></td><td>Ribeirinha</td></tr><tr><td style="white-space:nowrap">000701<a name="BRGrupoAtendimento-000701"> </a></td><td>População indígena em terras indígenas</td></tr><tr><td style="white-space:nowrap">000801<a name="BRGrupoAtendimento-000801"> </a></td><td>Ensino Básico</td></tr><tr><td style="white-space:nowrap">000802<a name="BRGrupoAtendimento-000802"> </a></td><td>Ensino Superior</td></tr><tr><td style="white-space:nowrap">000901<a name="BRGrupoAtendimento-000901"> </a></td><td>Auxiliare Veterinário</td></tr><tr><td style="white-space:nowrap">000902<a name="BRGrupoAtendimento-000902"> </a></td><td>Biólogo</td></tr><tr><td style="white-space:nowrap">000903<a name="BRGrupoAtendimento-000903"> </a></td><td>Biomédico</td></tr><tr><td style="white-space:nowrap">000904<a name="BRGrupoAtendimento-000904"> </a></td><td>Cozinheiro e Auxiliare</td></tr><tr><td style="white-space:nowrap">000905<a name="BRGrupoAtendimento-000905"> </a></td><td>Cuidador de Idosos</td></tr><tr><td style="white-space:nowrap">000906<a name="BRGrupoAtendimento-000906"> </a></td><td>Doula/Parteira</td></tr><tr><td style="white-space:nowrap">000907<a name="BRGrupoAtendimento-000907"> </a></td><td>Enfermeiro(a)</td></tr><tr><td style="white-space:nowrap">000908<a name="BRGrupoAtendimento-000908"> </a></td><td>Farmacêutico</td></tr><tr><td style="white-space:nowrap">000909<a name="BRGrupoAtendimento-000909"> </a></td><td>Fisioterapeutas</td></tr><tr><td style="white-space:nowrap">000910<a name="BRGrupoAtendimento-000910"> </a></td><td>Fonoaudiólogo</td></tr><tr><td style="white-space:nowrap">000911<a name="BRGrupoAtendimento-000911"> </a></td><td>Funcionário do Sistema Funerário que tenham contato com cadáveres potencialmente contaminados</td></tr><tr><td style="white-space:nowrap">000912<a name="BRGrupoAtendimento-000912"> </a></td><td>Médico</td></tr><tr><td style="white-space:nowrap">000913<a name="BRGrupoAtendimento-000913"> </a></td><td>Médico Veterinário</td></tr><tr><td style="white-space:nowrap">000914<a name="BRGrupoAtendimento-000914"> </a></td><td>Motorista de Ambulância</td></tr><tr><td style="white-space:nowrap">000915<a name="BRGrupoAtendimento-000915"> </a></td><td>Nutricionista</td></tr><tr><td style="white-space:nowrap">000916<a name="BRGrupoAtendimento-000916"> </a></td><td>Odontologista</td></tr><tr><td style="white-space:nowrap">000917<a name="BRGrupoAtendimento-000917"> </a></td><td>Pessoal da Limpeza</td></tr><tr><td style="white-space:nowrap">000918<a name="BRGrupoAtendimento-000918"> </a></td><td>Profissionais de Educação Física</td></tr><tr><td style="white-space:nowrap">000919<a name="BRGrupoAtendimento-000919"> </a></td><td>Psicólogo</td></tr><tr><td style="white-space:nowrap">000920<a name="BRGrupoAtendimento-000920"> </a></td><td>Recepcionista</td></tr><tr><td style="white-space:nowrap">000921<a name="BRGrupoAtendimento-000921"> </a></td><td>Segurança</td></tr><tr><td style="white-space:nowrap">000922<a name="BRGrupoAtendimento-000922"> </a></td><td>Serviço Social</td></tr><tr><td style="white-space:nowrap">000923<a name="BRGrupoAtendimento-000923"> </a></td><td>Técnico de Enfermagem</td></tr><tr><td style="white-space:nowrap">000924<a name="BRGrupoAtendimento-000924"> </a></td><td>Técnico Veterinário</td></tr><tr><td style="white-space:nowrap">000925<a name="BRGrupoAtendimento-000925"> </a></td><td>Terapeuta Ocupacional</td></tr><tr><td style="white-space:nowrap">000926<a name="BRGrupoAtendimento-000926"> </a></td><td>Outros</td></tr><tr><td style="white-space:nowrap">001001<a name="BRGrupoAtendimento-001001"> </a></td><td>Aéreo</td></tr><tr><td style="white-space:nowrap">001002<a name="BRGrupoAtendimento-001002"> </a></td><td>Caminhoneiro</td></tr><tr><td style="white-space:nowrap">001003<a name="BRGrupoAtendimento-001003"> </a></td><td>Coletivo Rodoviário de Passageiros</td></tr><tr><td style="white-space:nowrap">001004<a name="BRGrupoAtendimento-001004"> </a></td><td>Ferroviário de Cargas</td></tr><tr><td style="white-space:nowrap">001005<a name="BRGrupoAtendimento-001005"> </a></td><td>Metroferroviário de Passageiros</td></tr><tr><td style="white-space:nowrap">001006<a name="BRGrupoAtendimento-001006"> </a></td><td>Aquaviário</td></tr><tr><td style="white-space:nowrap">001101<a name="BRGrupoAtendimento-001101"> </a></td><td>Pessoas com Deficiência Institucionalizadas</td></tr><tr><td style="white-space:nowrap">001102<a name="BRGrupoAtendimento-001102"> </a></td><td>Pessoas com Deficiência Permanente Severa</td></tr><tr><td style="white-space:nowrap">001201<a name="BRGrupoAtendimento-001201"> </a></td><td>Pessoas em Situação de Rua</td></tr><tr><td style="white-space:nowrap">001301<a name="BRGrupoAtendimento-001301"> </a></td><td>Trabalhadores Portuários</td></tr><tr><td style="white-space:nowrap">001401<a name="BRGrupoAtendimento-001401"> </a></td><td>Funcionário do Sistema de Privação de Liberdade</td></tr><tr><td style="white-space:nowrap">001501<a name="BRGrupoAtendimento-001501"> </a></td><td>População Privada de Liberdade</td></tr><tr><td style="white-space:nowrap">001601<a name="BRGrupoAtendimento-001601"> </a></td><td>Trabalhadores Industriais</td></tr></table></div>
  </text>
  <url value="http://www.saude.gov.br/fhir/r4/CodeSystem/BRGrupoAtendimento"/>
  <version value="0.1.0"/>
  <name value="Grupo de Atendimento"/>
  <title value="Grupo de atendimento"/>
  <status value="active"/>
  <experimental value="false"/>
  <date value="2020-12-15T16:32:27Z"/>
  <publisher value="Rede Nacional de Dados em Saúde"/>
  <contact>
    <name value="Rede Nacional de Dados em Saúde"/>
    <telecom>
      <system value="url"/>
      <value value="https://github.com/kyriosdata"/>
    </telecom>
    <telecom>
      <system value="email"/>
      <value value="rnds@saude.gov.br"/>
    </telecom>
  </contact>
  <description value="Domínio que identifica o tipo de grupo de atendimento que o indivíduo apresentou para a vacinação em campanha."/>
  <content value="complete"/>
  <count value="69"/>
  <concept>
    <code value="000101"/>
    <display value="Anemia Falciforme"/>
  </concept>
  <concept>
    <code value="000102"/>
    <display value="Câncer"/>
  </concept>
  <concept>
    <code value="000103"/>
    <display value="Diabetes Mellitus"/>
  </concept>
  <concept>
    <code value="000104"/>
    <display value="Doença Pulmonar Obstrutiva Crônica"/>
  </concept>
  <concept>
    <code value="000105"/>
    <display value="Doença Renal"/>
  </concept>
  <concept>
    <code value="000106"/>
    <display value="Doenças Cardiovasculares e Cerebrovasculares"/>
  </concept>
  <concept>
    <code value="000107"/>
    <display value="Hipertensão de difícil controle ou com compilcações/lesão de órgão alvo"/>
  </concept>
  <concept>
    <code value="000108"/>
    <display value="Indivíduos Transplantados de Órgão Sólido"/>
  </concept>
  <concept>
    <code value="000109"/>
    <display value="Obesidade Grave (Imc≥40)"/>
  </concept>
  <concept>
    <code value="000201"/>
    <display value="Pessoas de 60 a 64 anos"/>
  </concept>
  <concept>
    <code value="000202"/>
    <display value="Pessoas de 65 a 69 anos"/>
  </concept>
  <concept>
    <code value="000203"/>
    <display value="Pessoas de 70 a 74 anos"/>
  </concept>
  <concept>
    <code value="000204"/>
    <display value="Pessoas de 75 a 79 anos"/>
  </concept>
  <concept>
    <code value="000205"/>
    <display value="Pessoas de 80 anos ou mais"/>
  </concept>
  <concept>
    <code value="000301"/>
    <display value="Pessoas de 60 nos ou mais Institucionalizadas"/>
  </concept>
  <concept>
    <code value="000401"/>
    <display value="Marinha do Brasil - MB"/>
  </concept>
  <concept>
    <code value="000402"/>
    <display value="Exército Brasileiro - EB"/>
  </concept>
  <concept>
    <code value="000403"/>
    <display value="Força Aérea Brasileira - FAB"/>
  </concept>
  <concept>
    <code value="000501"/>
    <display value="Bombeiro Civil"/>
  </concept>
  <concept>
    <code value="000502"/>
    <display value="Bombeiro Militar"/>
  </concept>
  <concept>
    <code value="000503"/>
    <display value="Guarda Municipal"/>
  </concept>
  <concept>
    <code value="000504"/>
    <display value="Policial Rodoviário Federal"/>
  </concept>
  <concept>
    <code value="000505"/>
    <display value="Policial Civil"/>
  </concept>
  <concept>
    <code value="000506"/>
    <display value="Policial Federal"/>
  </concept>
  <concept>
    <code value="000507"/>
    <display value="Policial Militar"/>
  </concept>
  <concept>
    <code value="000601"/>
    <display value="Quilombola"/>
  </concept>
  <concept>
    <code value="000602"/>
    <display value="Ribeirinha"/>
  </concept>
  <concept>
    <code value="000701"/>
    <display value="População indígena em terras indígenas"/>
  </concept>
  <concept>
    <code value="000801"/>
    <display value="Ensino Básico"/>
  </concept>
  <concept>
    <code value="000802"/>
    <display value="Ensino Superior"/>
  </concept>
  <concept>
    <code value="000901"/>
    <display value="Auxiliare Veterinário"/>
  </concept>
  <concept>
    <code value="000902"/>
    <display value="Biólogo"/>
  </concept>
  <concept>
    <code value="000903"/>
    <display value="Biomédico"/>
  </concept>
  <concept>
    <code value="000904"/>
    <display value="Cozinheiro e Auxiliare"/>
  </concept>
  <concept>
    <code value="000905"/>
    <display value="Cuidador de Idosos"/>
  </concept>
  <concept>
    <code value="000906"/>
    <display value="Doula/Parteira"/>
  </concept>
  <concept>
    <code value="000907"/>
    <display value="Enfermeiro(a)"/>
  </concept>
  <concept>
    <code value="000908"/>
    <display value="Farmacêutico"/>
  </concept>
  <concept>
    <code value="000909"/>
    <display value="Fisioterapeutas"/>
  </concept>
  <concept>
    <code value="000910"/>
    <display value="Fonoaudiólogo"/>
  </concept>
  <concept>
    <code value="000911"/>
    <display value="Funcionário do Sistema Funerário que tenham contato com cadáveres potencialmente contaminados"/>
  </concept>
  <concept>
    <code value="000912"/>
    <display value="Médico"/>
  </concept>
  <concept>
    <code value="000913"/>
    <display value="Médico Veterinário"/>
  </concept>
  <concept>
    <code value="000914"/>
    <display value="Motorista de Ambulância"/>
  </concept>
  <concept>
    <code value="000915"/>
    <display value="Nutricionista"/>
  </concept>
  <concept>
    <code value="000916"/>
    <display value="Odontologista"/>
  </concept>
  <concept>
    <code value="000917"/>
    <display value="Pessoal da Limpeza"/>
  </concept>
  <concept>
    <code value="000918"/>
    <display value="Profissionais de Educação Física"/>
  </concept>
  <concept>
    <code value="000919"/>
    <display value="Psicólogo"/>
  </concept>
  <concept>
    <code value="000920"/>
    <display value="Recepcionista"/>
  </concept>
  <concept>
    <code value="000921"/>
    <display value="Segurança"/>
  </concept>
  <concept>
    <code value="000922"/>
    <display value="Serviço Social"/>
  </concept>
  <concept>
    <code value="000923"/>
    <display value="Técnico de Enfermagem"/>
  </concept>
  <concept>
    <code value="000924"/>
    <display value="Técnico Veterinário"/>
  </concept>
  <concept>
    <code value="000925"/>
    <display value="Terapeuta Ocupacional"/>
  </concept>
  <concept>
    <code value="000926"/>
    <display value="Outros"/>
  </concept>
  <concept>
    <code value="001001"/>
    <display value="Aéreo"/>
  </concept>
  <concept>
    <code value="001002"/>
    <display value="Caminhoneiro"/>
  </concept>
  <concept>
    <code value="001003"/>
    <display value="Coletivo Rodoviário de Passageiros"/>
  </concept>
  <concept>
    <code value="001004"/>
    <display value="Ferroviário de Cargas"/>
  </concept>
  <concept>
    <code value="001005"/>
    <display value="Metroferroviário de Passageiros"/>
  </concept>
  <concept>
    <code value="001006"/>
    <display value="Aquaviário"/>
  </concept>
  <concept>
    <code value="001101"/>
    <display value="Pessoas com Deficiência Institucionalizadas"/>
  </concept>
  <concept>
    <code value="001102"/>
    <display value="Pessoas com Deficiência Permanente Severa"/>
  </concept>
  <concept>
    <code value="001201"/>
    <display value="Pessoas em Situação de Rua"/>
  </concept>
  <concept>
    <code value="001301"/>
    <display value="Trabalhadores Portuários"/>
  </concept>
  <concept>
    <code value="001401"/>
    <display value="Funcionário do Sistema de Privação de Liberdade"/>
  </concept>
  <concept>
    <code value="001501"/>
    <display value="População Privada de Liberdade"/>
  </concept>
  <concept>
    <code value="001601"/>
    <display value="Trabalhadores Industriais"/>
  </concept>
</CodeSystem>