<?xml version="1.0" encoding="UTF-8"?>

<CodeSystem xmlns="http://hl7.org/fhir">
  <id value="BRResponsabilidadeParticipante"/>
  <meta>
    <lastUpdated value="2020-03-11T15:20:28.411-03:00"/>
  </meta>
  <language value="pt-BR"/>
  <text>
    <status value="generated"/><div xmlns="http://www.w3.org/1999/xhtml" xml:lang="pt-BR" lang="pt-BR"><p>This code system http://www.saude.gov.br/fhir/r4/CodeSystem/BRResponsabilidadeParticipante defines the following codes:</p><table class="codes"><tr><td style="white-space:nowrap"><b>Code</b></td><td><b>Display</b></td></tr><tr><td style="white-space:nowrap">solicitante<a name="BRResponsabilidadeParticipante-solicitante"> </a></td><td>Profissional que solicitou o Contato Assistencial</td></tr><tr><td style="white-space:nowrap">autorizador<a name="BRResponsabilidadeParticipante-autorizador"> </a></td><td>Profissional que autorizou a realização do Contato Assistencial</td></tr><tr><td style="white-space:nowrap">admissao<a name="BRResponsabilidadeParticipante-admissao"> </a></td><td>Profissional que admitiu do indivíduo no Contato Assistencial</td></tr><tr><td style="white-space:nowrap">alta<a name="BRResponsabilidadeParticipante-alta"> </a></td><td>Profissional que realizou a alta do indivíduo no Contato Assistencial</td></tr><tr><td style="white-space:nowrap">atendimento<a name="BRResponsabilidadeParticipante-atendimento"> </a></td><td>Profissional responsável pelo atendimento clínico Contato Assistencial</td></tr></table></div>
  </text>
  <url value="http://www.saude.gov.br/fhir/r4/CodeSystem/BRResponsabilidadeParticipante"/>
  <version value="0.1.0"/>
  <name value="Reponsabilidade no Contato Assistencial"/>
  <title value="Papel do profissional no contato assistencial"/>
  <status value="active"/>
  <experimental value="false"/>
  <date value="2020-03-11T18:20:48.9276301+00:00"/>
  <publisher value="Rede Nacional de Dados em Saúde"/>
  <contact>
    <name value="Rede Nacional de Dados em Saúde"/>
    <telecom>
      <system value="url"/>
      <value value="https://github.com/kyriosdata"/>
    </telecom>
    <telecom>
      <system value="email"/>
      <value value="rnds@saude.gov.br"/>
    </telecom>
  </contact>
  <description value="Classifica o tipo de responsabilidade de indivíduos ou profissionais no Contato Assisntecial."/>
  <content value="complete"/>
  <count value="5"/>
  <concept>
    <code value="solicitante"/>
    <display value="Profissional que solicitou o Contato Assistencial"/>
  </concept>
  <concept>
    <code value="autorizador"/>
    <display value="Profissional que autorizou a realização do Contato Assistencial"/>
  </concept>
  <concept>
    <code value="admissao"/>
    <display value="Profissional que admitiu do indivíduo no Contato Assistencial"/>
  </concept>
  <concept>
    <code value="alta"/>
    <display value="Profissional que realizou a alta do indivíduo no Contato Assistencial"/>
  </concept>
  <concept>
    <code value="atendimento"/>
    <display value="Profissional responsável pelo atendimento clínico Contato Assistencial"/>
  </concept>
</CodeSystem>