<?xml version="1.0" encoding="UTF-8"?>

<CodeSystem xmlns="http://hl7.org/fhir">
  <id value="BRCaraterAtendimento"/>
  <meta>
    <lastUpdated value="2020-03-11T08:56:57.326-03:00"/>
  </meta>
  <language value="pt-BR"/>
  <text>
    <status value="generated"/><div xmlns="http://www.w3.org/1999/xhtml" xml:lang="pt-BR" lang="pt-BR"><p>This code system http://www.saude.gov.br/fhir/r4/CodeSystem/BRCaraterAtendimento defines the following codes:</p><table class="codes"><tr><td style="white-space:nowrap"><b>Code</b></td><td><b>Display</b></td></tr><tr><td style="white-space:nowrap">01<a name="BRCaraterAtendimento-01"> </a></td><td>Eletivo</td></tr><tr><td style="white-space:nowrap">02<a name="BRCaraterAtendimento-02"> </a></td><td>Urgência</td></tr></table></div>
  </text>
  <url value="http://www.saude.gov.br/fhir/r4/CodeSystem/BRCaraterAtendimento"/>
  <version value="0.1.0"/>
  <name value="BRCaraterAtendimento"/>
  <title value="Caráter de atendimento"/>
  <status value="active"/>
  <experimental value="false"/>
  <date value="2021-11-16T07:50:50-03:00"/>
  <publisher value="Rede Nacional de Dados em Saúde"/>
  <contact>
    <name value="Rede Nacional de Dados em Saúde"/>
    <telecom>
      <system value="url"/>
      <value value="https://github.com/kyriosdata"/>
    </telecom>
    <telecom>
      <system value="email"/>
      <value value="rnds@saude.gov.br"/>
    </telecom>
  </contact>
  <description value="Terminologia que classifica a prioridade de realização de um Contato Assistencial."/>
  <content value="complete"/>
  <count value="2"/>
  <concept>
    <code value="01"/>
    <display value="Eletivo"/>
  </concept>
  <concept>
    <code value="02"/>
    <display value="Urgência"/>
  </concept>
</CodeSystem>