<?xml version="1.0" encoding="UTF-8"?>

<CodeSystem xmlns="http://hl7.org/fhir">
  <id value="BRFinanciamento"/>
  <meta>
    <lastUpdated value="2020-03-11T15:12:26.041-03:00"/>
  </meta>
  <language value="pt-BR"/>
  <text>
    <status value="generated"/><div xmlns="http://www.w3.org/1999/xhtml" xml:lang="pt-BR" lang="pt-BR"><p>This code system http://www.saude.gov.br/fhir/r4/CodeSystem/BRFinanciamento defines the following codes:</p><table class="codes"><tr><td style="white-space:nowrap"><b>Code</b></td><td><b>Display</b></td></tr><tr><td style="white-space:nowrap">01<a name="BRFinanciamento-01"> </a></td><td>Sistema Único de Saúde - SUS</td></tr><tr><td style="white-space:nowrap">02<a name="BRFinanciamento-02"> </a></td><td>Plano de Saúde Público</td></tr><tr><td style="white-space:nowrap">03<a name="BRFinanciamento-03"> </a></td><td>Plano de Saúde Privado</td></tr><tr><td style="white-space:nowrap">04<a name="BRFinanciamento-04"> </a></td><td>Particular</td></tr><tr><td style="white-space:nowrap">05<a name="BRFinanciamento-05"> </a></td><td>Gratuidade</td></tr></table></div>
  </text>
  <url value="http://www.saude.gov.br/fhir/r4/CodeSystem/BRFinanciamento"/>
  <version value="0.1.0"/>
  <name value="BRFinanciamento"/>
  <title value="Forma de financiamento"/>
  <status value="active"/>
  <experimental value="false"/>
  <date value="2020-03-11T18:12:46.5570008+00:00"/>
  <publisher value="Rede Nacional de Dados em Saúde"/>
  <contact>
    <name value="Rede Nacional de Dados em Saúde"/>
    <telecom>
      <system value="url"/>
      <value value="https://github.com/kyriosdata"/>
    </telecom>
    <telecom>
      <system value="email"/>
      <value value="rnds@saude.gov.br"/>
    </telecom>
  </contact>
  <description value="Terminologia que descreve o agente, instituição ou entidade responsável por custear as ações e serviços de saúde."/>
  <content value="complete"/>
  <count value="5"/>
  <concept>
    <code value="01"/>
    <display value="Sistema Único de Saúde - SUS"/>
  </concept>
  <concept>
    <code value="02"/>
    <display value="Plano de Saúde Público"/>
  </concept>
  <concept>
    <code value="03"/>
    <display value="Plano de Saúde Privado"/>
  </concept>
  <concept>
    <code value="04"/>
    <display value="Particular"/>
  </concept>
  <concept>
    <code value="05"/>
    <display value="Gratuidade"/>
  </concept>
</CodeSystem>