<?xml version="1.0" encoding="UTF-8"?>

<CodeSystem xmlns="http://hl7.org/fhir">
  <id value="BRResultadoQualitativoExame"/>
  <meta>
    <lastUpdated value="2020-03-26T10:16:11.587-03:00"/>
  </meta>
  <language value="pt-BR"/>
  <text>
    <status value="generated"/><div xmlns="http://www.w3.org/1999/xhtml" xml:lang="pt-BR" lang="pt-BR"><p>This code system http://www.saude.gov.br/fhir/r4/CodeSystem/BRResultadoQualitativoExame defines the following codes:</p><table class="codes"><tr><td style="white-space:nowrap"><b>Code</b></td><td><b>Display</b></td></tr><tr><td style="white-space:nowrap">1<a name="BRResultadoQualitativoExame-1"> </a></td><td>Detectável</td></tr><tr><td style="white-space:nowrap">2<a name="BRResultadoQualitativoExame-2"> </a></td><td>Não Detectável</td></tr><tr><td style="white-space:nowrap">3<a name="BRResultadoQualitativoExame-3"> </a></td><td>Inconclusivo</td></tr></table></div>
  </text>
  <url value="http://www.saude.gov.br/fhir/r4/CodeSystem/BRResultadoQualitativoExame"/>
  <version value="0.1.0"/>
  <name value="Resultado qualitativo do Exame"/>
  <title value="Resultado qualitativo"/>
  <status value="active"/>
  <experimental value="false"/>
  <date value="2020-03-26T13:16:09.8385573+00:00"/>
  <publisher value="Rede Nacional de Dados em Saúde"/>
  <contact>
    <name value="Rede Nacional de Dados em Saúde"/>
    <telecom>
      <system value="url"/>
      <value value="https://github.com/kyriosdata"/>
    </telecom>
    <telecom>
      <system value="email"/>
      <value value="rnds@saude.gov.br"/>
    </telecom>
  </contact>
  <description value="Code System utilizado para definir o valor atribuído ao resultado de um exame laboratorial realizado por método de análise qualitativo."/>
  <content value="complete"/>
  <count value="3"/>
  <concept>
    <code value="1"/>
    <display value="Detectável"/>
  </concept>
  <concept>
    <code value="2"/>
    <display value="Não Detectável"/>
  </concept>
  <concept>
    <code value="3"/>
    <display value="Inconclusivo"/>
  </concept>
</CodeSystem>