<?xml version="1.0" encoding="UTF-8"?>

<CodeSystem xmlns="http://hl7.org/fhir">
  <id value="BREstadoMedicamentoLista"/>
  <meta>
    <lastUpdated value="2020-03-11T15:11:32.203-03:00"/>
  </meta>
  <language value="pt-BR"/>
  <text>
    <status value="generated"/><div xmlns="http://www.w3.org/1999/xhtml" xml:lang="pt-BR" lang="pt-BR"><p>This code system http://www.saude.gov.br/fhir/r4/CodeSystem/BREstadoMedicamentoLista defines the following codes:</p><table class="codes"><tr><td style="white-space:nowrap"><b>Code</b></td><td><b>Display</b></td></tr><tr><td style="white-space:nowrap">dispensed<a name="BREstadoMedicamentoLista-dispensed"> </a></td><td>Medicamento dispensado</td></tr></table></div>
  </text>
  <url value="http://www.saude.gov.br/fhir/r4/CodeSystem/BREstadoMedicamentoLista"/>
  <version value="0.1.0"/>
  <name value="Estado do Medicamento na Lista"/>
  <title value="Estado de medicamento"/>
  <status value="active"/>
  <experimental value="false"/>
  <date value="2020-03-11T18:11:52.7140537+00:00"/>
  <publisher value="Rede Nacional de Dados em Saúde"/>
  <contact>
    <name value="Rede Nacional de Dados em Saúde"/>
    <telecom>
      <system value="url"/>
      <value value="https://github.com/kyriosdata"/>
    </telecom>
    <telecom>
      <system value="email"/>
      <value value="rnds@saude.gov.br"/>
    </telecom>
  </contact>
  <description value="Classificação do estado de um medicamento na lista de medicamentos da Rede Nacional de Dados em Saúde."/>
  <content value="complete"/>
  <count value="1"/>
  <concept>
    <code value="dispensed"/>
    <display value="Medicamento dispensado"/>
  </concept>
</CodeSystem>