<?xml version="1.0" encoding="UTF-8"?>

<StructureDefinition xmlns="http://hl7.org/fhir">
  <id value="BRMeioContato"/>
  <meta>
    <lastUpdated value="2020-03-11T01:06:22.238-03:00"/>
  </meta>
  <language value="pt-BR"/>
  <text>
    <status value="extensions"/><div xmlns="http://www.w3.org/1999/xhtml" xml:lang="pt-BR" lang="pt-BR"><table border="0" cellpadding="0" cellspacing="0" style="border: 0px #F0F0F0 solid; font-size: 11px; font-family: verdana; vertical-align: top;"><tr style="border: 1px #F0F0F0 solid; font-size: 11px; font-family: verdana; vertical-align: top"><th style="vertical-align: top; text-align : left; background-color: white; border: 0px #F0F0F0 solid; padding:0px 4px 0px 4px" class="hierarchy"><a href="http://hl7.org/fhir/R4/formats.html#table" title="The logical name of the element">Name</a></th><th style="vertical-align: top; text-align : left; background-color: white; border: 0px #F0F0F0 solid; padding:0px 4px 0px 4px" class="hierarchy"><a href="http://hl7.org/fhir/R4/formats.html#table" title="Information about the use of the element">Flags</a></th><th style="vertical-align: top; text-align : left; background-color: white; border: 0px #F0F0F0 solid; padding:0px 4px 0px 4px" class="hierarchy"><a href="http://hl7.org/fhir/R4/formats.html#table" title="Minimum and Maximum # of times the the element can appear in the instance">Card.</a></th><th style="width: 100px" class="hierarchy"><a href="http://hl7.org/fhir/R4/formats.html#table" title="Reference to the type of the element">Type</a></th><th style="vertical-align: top; text-align : left; background-color: white; border: 0px #F0F0F0 solid; padding:0px 4px 0px 4px" class="hierarchy"><a href="http://hl7.org/fhir/R4/formats.html#table" title="Additional information about the element">Description &amp; Constraints</a><span style="float: right"><a href="http://hl7.org/fhir/R4/formats.html#table" title="Legend for this format"><img src="http://hl7.org/fhir/R4/help16.png" alt="doco" style="background-color: inherit"/></a></span></th></tr><tr style="border: 0px #F0F0F0 solid; padding:0px; vertical-align: top; background-color: white"><td style="vertical-align: top; text-align : left; background-color: white; border: 0px #F0F0F0 solid; padding:0px 4px 0px 4px; white-space: nowrap; background-image: url(tbl_bck1.png)" class="hierarchy"><img src="tbl_spacer.png" alt="." style="background-color: inherit" class="hierarchy"/><img src="icon_element.gif" alt="." style="background-color: white; background-color: inherit" title="Element" class="hierarchy"/> <a href="StructureDefinition-BRMeioContato-definitions.html#ContactPoint" title="Informações do(s) meio(s) de contato com o indivíduo.">ContactPoint</a><a name="ContactPoint"> </a></td><td style="vertical-align: top; text-align : left; background-color: white; border: 0px #F0F0F0 solid; padding:0px 4px 0px 4px" class="hierarchy"><span style="padding-left: 3px; padding-right: 3px; color: white; background-color: red" title="This element must be supported">S</span></td><td style="vertical-align: top; text-align : left; background-color: white; border: 0px #F0F0F0 solid; padding:0px 4px 0px 4px" class="hierarchy"><span style="opacity: 0.5">0</span><span style="opacity: 0.5">..</span><span style="opacity: 0.5">*</span></td><td style="vertical-align: top; text-align : left; background-color: white; border: 0px #F0F0F0 solid; padding:0px 4px 0px 4px" class="hierarchy"><a href="http://hl7.org/fhir/R4/datatypes.html#ContactPoint">ContactPoint</a></td><td style="vertical-align: top; text-align : left; background-color: white; border: 0px #F0F0F0 solid; padding:0px 4px 0px 4px" class="hierarchy">Meio de Contato</td></tr>
<tr style="border: 0px #F0F0F0 solid; padding:0px; vertical-align: top; background-color: #F7F7F7"><td style="vertical-align: top; text-align : left; background-color: #F7F7F7; border: 0px #F0F0F0 solid; padding:0px 4px 0px 4px; white-space: nowrap; background-image: url(tbl_bck10.png)" class="hierarchy"><img src="tbl_spacer.png" alt="." style="background-color: inherit" class="hierarchy"/><img src="tbl_vjoin.png" alt="." style="background-color: inherit" class="hierarchy"/><img src="icon_element.gif" alt="." style="background-color: #F7F7F7; background-color: inherit" title="Element" class="hierarchy"/> <a href="StructureDefinition-BRMeioContato-definitions.html#ContactPoint.system" title="sms: número de telefone celular.
phone: número de telefone fixo.
fax: número de fax.
email: endereço de correio eletrônico (e-mail).
pager: número de pager/bip.
url: endereço do sítio eletrônico na internet, inclusive redes sociais.
other: outros meios de contato, inserir no value uma descrição, seguida do caractere : e espaço, seguido do contato propriamente dito (ex.: Jabber: fulano@organizacao).">system</a><a name="ContactPoint.system"> </a></td><td style="vertical-align: top; text-align : left; background-color: #F7F7F7; border: 0px #F0F0F0 solid; padding:0px 4px 0px 4px" class="hierarchy"><span style="padding-left: 3px; padding-right: 3px; color: white; background-color: red" title="This element must be supported">S</span></td><td style="vertical-align: top; text-align : left; background-color: #F7F7F7; border: 0px #F0F0F0 solid; padding:0px 4px 0px 4px" class="hierarchy">1..<span style="opacity: 0.5">1</span></td><td style="vertical-align: top; text-align : left; background-color: #F7F7F7; border: 0px #F0F0F0 solid; padding:0px 4px 0px 4px" class="hierarchy"><a style="opacity: 0.5" href="http://hl7.org/fhir/R4/datatypes.html#code">code</a></td><td style="vertical-align: top; text-align : left; background-color: #F7F7F7; border: 0px #F0F0F0 solid; padding:0px 4px 0px 4px" class="hierarchy">Tipo de Meio de Contato</td></tr>
<tr style="border: 0px #F0F0F0 solid; padding:0px; vertical-align: top; background-color: white"><td style="vertical-align: top; text-align : left; background-color: white; border: 0px #F0F0F0 solid; padding:0px 4px 0px 4px; white-space: nowrap; background-image: url(tbl_bck10.png)" class="hierarchy"><img src="tbl_spacer.png" alt="." style="background-color: inherit" class="hierarchy"/><img src="tbl_vjoin.png" alt="." style="background-color: inherit" class="hierarchy"/><img src="icon_element.gif" alt="." style="background-color: white; background-color: inherit" title="Element" class="hierarchy"/> <a href="StructureDefinition-BRMeioContato-definitions.html#ContactPoint.value" title="O número do telefone (preferencialmente em formato internacional +CC DDD XXXXX-XXXX, onde CC é o código do país, DDD código da cidade/localidade e XXXXX-XXXX é o número do telefone propriamente dito), endereço de correio eletrônico (ex.: fulano@provedor.br), URL ou outro valor que identifique o contato. Quando utilizar &quot;other&quot; no system, inserir uma descrição do meio de contato, seguida do caractere : e espaço, seguido do contato propriamente dito (ex.: Jabber: fulano@organizacao).">value</a><a name="ContactPoint.value"> </a></td><td style="vertical-align: top; text-align : left; background-color: white; border: 0px #F0F0F0 solid; padding:0px 4px 0px 4px" class="hierarchy"><span style="padding-left: 3px; padding-right: 3px; color: white; background-color: red" title="This element must be supported">S</span></td><td style="vertical-align: top; text-align : left; background-color: white; border: 0px #F0F0F0 solid; padding:0px 4px 0px 4px" class="hierarchy">1..<span style="opacity: 0.5">1</span></td><td style="vertical-align: top; text-align : left; background-color: white; border: 0px #F0F0F0 solid; padding:0px 4px 0px 4px" class="hierarchy"><a style="opacity: 0.5" href="http://hl7.org/fhir/R4/datatypes.html#string">string</a></td><td style="vertical-align: top; text-align : left; background-color: white; border: 0px #F0F0F0 solid; padding:0px 4px 0px 4px" class="hierarchy">Contato</td></tr>
<tr style="border: 0px #F0F0F0 solid; padding:0px; vertical-align: top; background-color: #F7F7F7"><td style="vertical-align: top; text-align : left; background-color: #F7F7F7; border: 0px #F0F0F0 solid; padding:0px 4px 0px 4px; white-space: nowrap; background-image: url(tbl_bck10.png)" class="hierarchy"><img src="tbl_spacer.png" alt="." style="background-color: inherit" class="hierarchy"/><img src="tbl_vjoin.png" alt="." style="background-color: inherit" class="hierarchy"/><img src="icon_element.gif" alt="." style="background-color: #F7F7F7; background-color: inherit" title="Element" class="hierarchy"/> <a href="StructureDefinition-BRMeioContato-definitions.html#ContactPoint.use" title="home: residencial.
work: comercial.
temp: temporário ou de recado.
mobile: dispositivo móvel, como um telefone celular.">use</a><a name="ContactPoint.use"> </a></td><td style="vertical-align: top; text-align : left; background-color: #F7F7F7; border: 0px #F0F0F0 solid; padding:0px 4px 0px 4px" class="hierarchy"><span style="padding-left: 3px; padding-right: 3px; color: white; background-color: red" title="This element must be supported">S</span></td><td style="vertical-align: top; text-align : left; background-color: #F7F7F7; border: 0px #F0F0F0 solid; padding:0px 4px 0px 4px" class="hierarchy"><span style="opacity: 0.5">0</span><span style="opacity: 0.5">..</span><span style="opacity: 0.5">1</span></td><td style="vertical-align: top; text-align : left; background-color: #F7F7F7; border: 0px #F0F0F0 solid; padding:0px 4px 0px 4px" class="hierarchy"><a style="opacity: 0.5" href="http://hl7.org/fhir/R4/datatypes.html#code">code</a></td><td style="vertical-align: top; text-align : left; background-color: #F7F7F7; border: 0px #F0F0F0 solid; padding:0px 4px 0px 4px" class="hierarchy">Uso do Meio de Contato</td></tr>
<tr style="border: 0px #F0F0F0 solid; padding:0px; vertical-align: top; background-color: white"><td style="vertical-align: top; text-align : left; background-color: white; border: 0px #F0F0F0 solid; padding:0px 4px 0px 4px; white-space: nowrap; background-image: url(tbl_bck10.png)" class="hierarchy"><img src="tbl_spacer.png" alt="." style="background-color: inherit" class="hierarchy"/><img src="tbl_vjoin.png" alt="." style="background-color: inherit" class="hierarchy"/><img src="icon_element.gif" alt="." style="background-color: white; background-color: inherit" title="Element" class="hierarchy"/> <a href="StructureDefinition-BRMeioContato-definitions.html#ContactPoint.rank" title="Especifica uma ordem preferencial entre vários contatos do mesmo tipo, sendo o de valor 1 o preferido.">rank</a><a name="ContactPoint.rank"> </a></td><td style="vertical-align: top; text-align : left; background-color: white; border: 0px #F0F0F0 solid; padding:0px 4px 0px 4px" class="hierarchy"><span style="padding-left: 3px; padding-right: 3px; color: white; background-color: red" title="This element must be supported">S</span></td><td style="vertical-align: top; text-align : left; background-color: white; border: 0px #F0F0F0 solid; padding:0px 4px 0px 4px" class="hierarchy"><span style="opacity: 0.5">0</span><span style="opacity: 0.5">..</span><span style="opacity: 0.5">1</span></td><td style="vertical-align: top; text-align : left; background-color: white; border: 0px #F0F0F0 solid; padding:0px 4px 0px 4px" class="hierarchy"><a style="opacity: 0.5" href="http://hl7.org/fhir/R4/datatypes.html#positiveInt">positiveInt</a></td><td style="vertical-align: top; text-align : left; background-color: white; border: 0px #F0F0F0 solid; padding:0px 4px 0px 4px" class="hierarchy">Ordem de Preferência</td></tr>
<tr style="border: 0px #F0F0F0 solid; padding:0px; vertical-align: top; background-color: #F7F7F7"><td style="vertical-align: top; text-align : left; background-color: #F7F7F7; border: 0px #F0F0F0 solid; padding:0px 4px 0px 4px; white-space: nowrap; background-image: url(tbl_bck01.png)" class="hierarchy"><img src="tbl_spacer.png" alt="." style="background-color: inherit" class="hierarchy"/><img src="tbl_vjoin_end.png" alt="." style="background-color: inherit" class="hierarchy"/><img src="icon_element.gif" alt="." style="background-color: #F7F7F7; background-color: inherit" title="Element" class="hierarchy"/> <a href="StructureDefinition-BRMeioContato-definitions.html#ContactPoint.period" title="Período em que o meio de contato foi utilizado pelo indivíduo.">period</a><a name="ContactPoint.period"> </a></td><td style="vertical-align: top; text-align : left; background-color: #F7F7F7; border: 0px #F0F0F0 solid; padding:0px 4px 0px 4px" class="hierarchy"><span style="padding-left: 3px; padding-right: 3px; color: white; background-color: red" title="This element must be supported">S</span></td><td style="vertical-align: top; text-align : left; background-color: #F7F7F7; border: 0px #F0F0F0 solid; padding:0px 4px 0px 4px" class="hierarchy"><span style="opacity: 0.5">0</span><span style="opacity: 0.5">..</span><span style="opacity: 0.5">1</span></td><td style="vertical-align: top; text-align : left; background-color: #F7F7F7; border: 0px #F0F0F0 solid; padding:0px 4px 0px 4px" class="hierarchy"><a style="opacity: 0.5" href="http://hl7.org/fhir/R4/datatypes.html#Period">Period</a></td><td style="vertical-align: top; text-align : left; background-color: #F7F7F7; border: 0px #F0F0F0 solid; padding:0px 4px 0px 4px" class="hierarchy">Período do Meio de Contato</td></tr>
<tr style="border: 0px #F0F0F0 solid; padding:0px; vertical-align: top; background-color: white"><td style="vertical-align: top; text-align : left; background-color: white; border: 0px #F0F0F0 solid; padding:0px 4px 0px 4px; white-space: nowrap; background-image: url(tbl_bck010.png)" class="hierarchy"><img src="tbl_spacer.png" alt="." style="background-color: inherit" class="hierarchy"/><img src="tbl_blank.png" alt="." style="background-color: inherit" class="hierarchy"/><img src="tbl_vjoin.png" alt="." style="background-color: inherit" class="hierarchy"/><img src="icon_element.gif" alt="." style="background-color: white; background-color: inherit" title="Element" class="hierarchy"/> <a href="StructureDefinition-BRMeioContato-definitions.html#ContactPoint.period.start" title="Data em que o meio de contato foi cadastrado ou começou a ser utilizado pelo indivíduo.">start</a><a name="ContactPoint.period.start"> </a></td><td style="vertical-align: top; text-align : left; background-color: white; border: 0px #F0F0F0 solid; padding:0px 4px 0px 4px" class="hierarchy"><span style="padding-left: 3px; padding-right: 3px; color: white; background-color: red" title="This element must be supported">S</span></td><td style="vertical-align: top; text-align : left; background-color: white; border: 0px #F0F0F0 solid; padding:0px 4px 0px 4px" class="hierarchy"><span style="opacity: 0.5">0</span><span style="opacity: 0.5">..</span><span style="opacity: 0.5">1</span></td><td style="vertical-align: top; text-align : left; background-color: white; border: 0px #F0F0F0 solid; padding:0px 4px 0px 4px" class="hierarchy"><a style="opacity: 0.5" href="http://hl7.org/fhir/R4/datatypes.html#dateTime">dateTime</a></td><td style="vertical-align: top; text-align : left; background-color: white; border: 0px #F0F0F0 solid; padding:0px 4px 0px 4px" class="hierarchy">Data de Início do Meio de Contato</td></tr>
<tr style="border: 0px #F0F0F0 solid; padding:0px; vertical-align: top; background-color: #F7F7F7"><td style="vertical-align: top; text-align : left; background-color: #F7F7F7; border: 0px #F0F0F0 solid; padding:0px 4px 0px 4px; white-space: nowrap; background-image: url(tbl_bck000.png)" class="hierarchy"><img src="tbl_spacer.png" alt="." style="background-color: inherit" class="hierarchy"/><img src="tbl_blank.png" alt="." style="background-color: inherit" class="hierarchy"/><img src="tbl_vjoin_end.png" alt="." style="background-color: inherit" class="hierarchy"/><img src="icon_element.gif" alt="." style="background-color: #F7F7F7; background-color: inherit" title="Element" class="hierarchy"/> <a href="StructureDefinition-BRMeioContato-definitions.html#ContactPoint.period.end" title="Data em que o meio de contato foi desativado ou parou de ser utilizado pelo indivíduo.">end</a><a name="ContactPoint.period.end"> </a></td><td style="vertical-align: top; text-align : left; background-color: #F7F7F7; border: 0px #F0F0F0 solid; padding:0px 4px 0px 4px" class="hierarchy"><span style="padding-left: 3px; padding-right: 3px; color: white; background-color: red" title="This element must be supported">S</span></td><td style="vertical-align: top; text-align : left; background-color: #F7F7F7; border: 0px #F0F0F0 solid; padding:0px 4px 0px 4px" class="hierarchy"><span style="opacity: 0.5">0</span><span style="opacity: 0.5">..</span><span style="opacity: 0.5">1</span></td><td style="vertical-align: top; text-align : left; background-color: #F7F7F7; border: 0px #F0F0F0 solid; padding:0px 4px 0px 4px" class="hierarchy"><a style="opacity: 0.5" href="http://hl7.org/fhir/R4/datatypes.html#dateTime">dateTime</a></td><td style="vertical-align: top; text-align : left; background-color: #F7F7F7; border: 0px #F0F0F0 solid; padding:0px 4px 0px 4px" class="hierarchy">Data da Término do Meio de Contato</td></tr>
<tr><td colspan="5" class="hierarchy"><br/><a href="http://hl7.org/fhir/R4/formats.html#table" title="Legend for this format"><img src="http://hl7.org/fhir/R4/help16.png" alt="doco" style="background-color: inherit"/> Documentation for this format</a></td></tr></table></div>
  </text>
  <url value="http://www.saude.gov.br/fhir/r4/StructureDefinition/BRMeioContato-1.0"/>
  <version value="0.1.0"/>
  <name value="BRMeioContato"/>
  <title value="Meio de Contato"/>
  <status value="active"/>
  <date value="2020-03-11T04:06:21.7150652+00:00"/>
  <publisher value="Rede Nacional de Dados em Saúde"/>
  <contact>
    <name value="Rede Nacional de Dados em Saúde"/>
    <telecom>
      <system value="url"/>
      <value value="https://github.com/kyriosdata"/>
    </telecom>
    <telecom>
      <system value="email"/>
      <value value="rnds@saude.gov.br"/>
    </telecom>
  </contact>
  <description value="Padronização de meios de contato no Brasil."/>
  <fhirVersion value="4.0.1"/>
  <mapping>
    <identity value="v2"/>
    <uri value="http://hl7.org/v2"/>
    <name value="HL7 v2 Mapping"/>
  </mapping>
  <mapping>
    <identity value="rim"/>
    <uri value="http://hl7.org/v3"/>
    <name value="RIM Mapping"/>
  </mapping>
  <mapping>
    <identity value="servd"/>
    <uri value="http://www.omg.org/spec/ServD/1.0/"/>
    <name value="ServD"/>
  </mapping>
  <kind value="complex-type"/>
  <abstract value="false"/>
  <type value="ContactPoint"/>
  <baseDefinition value="http://hl7.org/fhir/StructureDefinition/ContactPoint"/>
  <derivation value="constraint"/>
  <snapshot>
    <element id="ContactPoint">
      <path value="ContactPoint"/>
      <short value="Meio de Contato"/>
      <definition value="Informações do(s) meio(s) de contato com o indivíduo."/>
      <alias value="Contato"/>
      <alias value="Informação de Contato"/>
      <alias value="Telefone"/>
      <alias value="E-Mail"/>
      <alias value="Correio Eletrônico"/>
      <alias value="Celular"/>
      <alias value="Recado"/>
      <min value="0"/>
      <max value="*"/>
      <base>
        <path value="ContactPoint"/>
        <min value="0"/>
        <max value="*"/>
      </base>
      <condition value="ele-1"/>
      <constraint>
        <key value="cpt-2"/>
        <severity value="error"/>
        <human value="A system is required if a value is provided."/>
        <expression value="value.empty() or system.exists()"/>
        <xpath value="not(exists(f:value)) or exists(f:system)"/>
        <source value="http://hl7.org/fhir/StructureDefinition/ContactPoint"/>
      </constraint>
      <constraint>
        <key value="ele-1"/>
        <severity value="error"/>
        <human value="All FHIR elements must have a @value or children"/>
        <expression value="hasValue() or (children().count() &gt; id.count())"/>
        <xpath value="@value|f:*|h:div"/>
        <source value="http://hl7.org/fhir/StructureDefinition/Element"/>
      </constraint>
      <mustSupport value="true"/>
      <isModifier value="false"/>
      <mapping>
        <identity value="rim"/>
        <map value="n/a"/>
      </mapping>
      <mapping>
        <identity value="v2"/>
        <map value="XTN"/>
      </mapping>
      <mapping>
        <identity value="rim"/>
        <map value="TEL"/>
      </mapping>
      <mapping>
        <identity value="servd"/>
        <map value="ContactPoint"/>
      </mapping>
    </element>
    <element id="ContactPoint.id">
      <path value="ContactPoint.id"/>
      <representation value="xmlAttr"/>
      <short value="Unique id for inter-element referencing"/>
      <definition value="Unique id for the element within a resource (for internal references). This may be any string value that does not contain spaces."/>
      <min value="0"/>
      <max value="1"/>
      <base>
        <path value="Element.id"/>
        <min value="0"/>
        <max value="1"/>
      </base>
      <type>
        <extension url="http://hl7.org/fhir/StructureDefinition/structuredefinition-fhir-type">
          <valueUrl value="string"/>
        </extension>
        <code value="http://hl7.org/fhirpath/System.String"/>
      </type>
      <isModifier value="false"/>
      <isSummary value="false"/>
      <mapping>
        <identity value="rim"/>
        <map value="n/a"/>
      </mapping>
    </element>
    <element id="ContactPoint.extension">
      <path value="ContactPoint.extension"/>
      <slicing>
        <discriminator>
          <type value="value"/>
          <path value="url"/>
        </discriminator>
        <description value="Extensions are always sliced by (at least) url"/>
        <rules value="open"/>
      </slicing>
      <short value="Additional content defined by implementations"/>
      <definition value="May be used to represent additional information that is not part of the basic definition of the element. To make the use of extensions safe and manageable, there is a strict set of governance  applied to the definition and use of extensions. Though any implementer can define an extension, there is a set of requirements that SHALL be met as part of the definition of the extension."/>
      <comment value="There can be no stigma associated with the use of extensions by any application, project, or standard - regardless of the institution or jurisdiction that uses or defines the extensions.  The use of extensions is what allows the FHIR specification to retain a core level of simplicity for everyone."/>
      <alias value="extensions"/>
      <alias value="user content"/>
      <min value="0"/>
      <max value="*"/>
      <base>
        <path value="Element.extension"/>
        <min value="0"/>
        <max value="*"/>
      </base>
      <type>
        <code value="Extension"/>
      </type>
      <constraint>
        <key value="ele-1"/>
        <severity value="error"/>
        <human value="All FHIR elements must have a @value or children"/>
        <expression value="hasValue() or (children().count() &gt; id.count())"/>
        <xpath value="@value|f:*|h:div"/>
        <source value="http://hl7.org/fhir/StructureDefinition/Element"/>
      </constraint>
      <constraint>
        <key value="ext-1"/>
        <severity value="error"/>
        <human value="Must have either extensions or value[x], not both"/>
        <expression value="extension.exists() != value.exists()"/>
        <xpath value="exists(f:extension)!=exists(f:*[starts-with(local-name(.), &quot;value&quot;)])"/>
        <source value="http://hl7.org/fhir/StructureDefinition/Extension"/>
      </constraint>
      <isModifier value="false"/>
      <isSummary value="false"/>
      <mapping>
        <identity value="rim"/>
        <map value="n/a"/>
      </mapping>
    </element>
    <element id="ContactPoint.system">
      <path value="ContactPoint.system"/>
      <short value="Tipo de Meio de Contato"/>
      <definition value="sms: número de telefone celular.&#xD;&#xA;phone: número de telefone fixo.&#xD;&#xA;fax: número de fax.&#xD;&#xA;email: endereço de correio eletrônico (e-mail).&#xD;&#xA;pager: número de pager/bip.&#xD;&#xA;url: endereço do sítio eletrônico na internet, inclusive redes sociais.&#xD;&#xA;other: outros meios de contato, inserir no value uma descrição, seguida do caractere : e espaço, seguido do contato propriamente dito (ex.: Jabber: fulano@organizacao)."/>
      <min value="1"/>
      <max value="1"/>
      <base>
        <path value="ContactPoint.system"/>
        <min value="0"/>
        <max value="1"/>
      </base>
      <type>
        <code value="code"/>
      </type>
      <condition value="cpt-2"/>
      <constraint>
        <key value="ele-1"/>
        <severity value="error"/>
        <human value="All FHIR elements must have a @value or children"/>
        <expression value="hasValue() or (children().count() &gt; id.count())"/>
        <xpath value="@value|f:*|h:div"/>
        <source value="http://hl7.org/fhir/StructureDefinition/Element"/>
      </constraint>
      <mustSupport value="true"/>
      <isModifier value="false"/>
      <isSummary value="true"/>
      <binding>
        <extension url="http://hl7.org/fhir/StructureDefinition/elementdefinition-bindingName">
          <valueString value="ContactPointSystem"/>
        </extension>
        <strength value="required"/>
        <description value="Telecommunications form for contact point."/>
        <valueSet value="http://hl7.org/fhir/ValueSet/contact-point-system|4.0.1"/>
      </binding>
      <mapping>
        <identity value="v2"/>
        <map value="XTN.3"/>
      </mapping>
      <mapping>
        <identity value="rim"/>
        <map value="./scheme"/>
      </mapping>
      <mapping>
        <identity value="servd"/>
        <map value="./ContactPointType"/>
      </mapping>
    </element>
    <element id="ContactPoint.value">
      <path value="ContactPoint.value"/>
      <short value="Contato"/>
      <definition value="O número do telefone (preferencialmente em formato internacional +CC DDD XXXXX-XXXX, onde CC é o código do país, DDD código da cidade/localidade e XXXXX-XXXX é o número do telefone propriamente dito), endereço de correio eletrônico (ex.: fulano@provedor.br), URL ou outro valor que identifique o contato. Quando utilizar &quot;other&quot; no system, inserir uma descrição do meio de contato, seguida do caractere : e espaço, seguido do contato propriamente dito (ex.: Jabber: fulano@organizacao)."/>
      <comment value="Additional text data such as phone extension numbers, or notes about use of the contact are sometimes included in the value."/>
      <requirements value="Need to support legacy numbers that are not in a tightly controlled format."/>
      <min value="1"/>
      <max value="1"/>
      <base>
        <path value="ContactPoint.value"/>
        <min value="0"/>
        <max value="1"/>
      </base>
      <type>
        <code value="string"/>
      </type>
      <constraint>
        <key value="ele-1"/>
        <severity value="error"/>
        <human value="All FHIR elements must have a @value or children"/>
        <expression value="hasValue() or (children().count() &gt; id.count())"/>
        <xpath value="@value|f:*|h:div"/>
        <source value="http://hl7.org/fhir/StructureDefinition/Element"/>
      </constraint>
      <mustSupport value="true"/>
      <isModifier value="false"/>
      <isSummary value="true"/>
      <mapping>
        <identity value="v2"/>
        <map value="XTN.1 (or XTN.12)"/>
      </mapping>
      <mapping>
        <identity value="rim"/>
        <map value="./url"/>
      </mapping>
      <mapping>
        <identity value="servd"/>
        <map value="./Value"/>
      </mapping>
    </element>
    <element id="ContactPoint.use">
      <path value="ContactPoint.use"/>
      <short value="Uso do Meio de Contato"/>
      <definition value="home: residencial.&#xD;&#xA;work: comercial.&#xD;&#xA;temp: temporário ou de recado.&#xD;&#xA;mobile: dispositivo móvel, como um telefone celular."/>
      <comment value="Applications can assume that a contact is current unless it explicitly says that it is temporary or old."/>
      <requirements value="Need to track the way a person uses this contact, so a user can choose which is appropriate for their purpose."/>
      <min value="0"/>
      <max value="1"/>
      <base>
        <path value="ContactPoint.use"/>
        <min value="0"/>
        <max value="1"/>
      </base>
      <type>
        <code value="code"/>
      </type>
      <constraint>
        <key value="ele-1"/>
        <severity value="error"/>
        <human value="All FHIR elements must have a @value or children"/>
        <expression value="hasValue() or (children().count() &gt; id.count())"/>
        <xpath value="@value|f:*|h:div"/>
        <source value="http://hl7.org/fhir/StructureDefinition/Element"/>
      </constraint>
      <mustSupport value="true"/>
      <isModifier value="true"/>
      <isModifierReason value="This is labeled as &quot;Is Modifier&quot; because applications should not mistake a temporary or old contact etc.for a current/permanent one"/>
      <isSummary value="true"/>
      <binding>
        <extension url="http://hl7.org/fhir/StructureDefinition/elementdefinition-bindingName">
          <valueString value="ContactPointUse"/>
        </extension>
        <strength value="required"/>
        <description value="Use of contact point."/>
        <valueSet value="http://hl7.org/fhir/ValueSet/contact-point-use|4.0.1"/>
      </binding>
      <mapping>
        <identity value="v2"/>
        <map value="XTN.2 - but often indicated by field"/>
      </mapping>
      <mapping>
        <identity value="rim"/>
        <map value="unique(./use)"/>
      </mapping>
      <mapping>
        <identity value="servd"/>
        <map value="./ContactPointPurpose"/>
      </mapping>
    </element>
    <element id="ContactPoint.rank">
      <path value="ContactPoint.rank"/>
      <short value="Ordem de Preferência"/>
      <definition value="Especifica uma ordem preferencial entre vários contatos do mesmo tipo, sendo o de valor 1 o preferido."/>
      <comment value="Note that rank does not necessarily follow the order in which the contacts are represented in the instance."/>
      <min value="0"/>
      <max value="1"/>
      <base>
        <path value="ContactPoint.rank"/>
        <min value="0"/>
        <max value="1"/>
      </base>
      <type>
        <code value="positiveInt"/>
      </type>
      <constraint>
        <key value="ele-1"/>
        <severity value="error"/>
        <human value="All FHIR elements must have a @value or children"/>
        <expression value="hasValue() or (children().count() &gt; id.count())"/>
        <xpath value="@value|f:*|h:div"/>
        <source value="http://hl7.org/fhir/StructureDefinition/Element"/>
      </constraint>
      <mustSupport value="true"/>
      <isModifier value="false"/>
      <isSummary value="true"/>
      <mapping>
        <identity value="v2"/>
        <map value="n/a"/>
      </mapping>
      <mapping>
        <identity value="rim"/>
        <map value="n/a"/>
      </mapping>
    </element>
    <element id="ContactPoint.period">
      <path value="ContactPoint.period"/>
      <short value="Período do Meio de Contato"/>
      <definition value="Período em que o meio de contato foi utilizado pelo indivíduo."/>
      <min value="0"/>
      <max value="1"/>
      <base>
        <path value="ContactPoint.period"/>
        <min value="0"/>
        <max value="1"/>
      </base>
      <type>
        <code value="Period"/>
      </type>
      <constraint>
        <key value="ele-1"/>
        <severity value="error"/>
        <human value="All FHIR elements must have a @value or children"/>
        <expression value="hasValue() or (children().count() &gt; id.count())"/>
        <xpath value="@value|f:*|h:div"/>
        <source value="http://hl7.org/fhir/StructureDefinition/Element"/>
      </constraint>
      <mustSupport value="true"/>
      <isModifier value="false"/>
      <isSummary value="true"/>
      <mapping>
        <identity value="v2"/>
        <map value="N/A"/>
      </mapping>
      <mapping>
        <identity value="rim"/>
        <map value="./usablePeriod[type=&quot;IVL&lt;TS&gt;&quot;]"/>
      </mapping>
      <mapping>
        <identity value="servd"/>
        <map value="./StartDate and ./EndDate"/>
      </mapping>
    </element>
    <element id="ContactPoint.period.id">
      <path value="ContactPoint.period.id"/>
      <representation value="xmlAttr"/>
      <short value="Unique id for inter-element referencing"/>
      <definition value="Unique id for the element within a resource (for internal references). This may be any string value that does not contain spaces."/>
      <min value="0"/>
      <max value="1"/>
      <base>
        <path value="Element.id"/>
        <min value="0"/>
        <max value="1"/>
      </base>
      <type>
        <extension url="http://hl7.org/fhir/StructureDefinition/structuredefinition-fhir-type">
          <valueUrl value="string"/>
        </extension>
        <code value="http://hl7.org/fhirpath/System.String"/>
      </type>
      <isModifier value="false"/>
      <isSummary value="false"/>
      <mapping>
        <identity value="rim"/>
        <map value="n/a"/>
      </mapping>
    </element>
    <element id="ContactPoint.period.extension">
      <path value="ContactPoint.period.extension"/>
      <slicing>
        <discriminator>
          <type value="value"/>
          <path value="url"/>
        </discriminator>
        <description value="Extensions are always sliced by (at least) url"/>
        <rules value="open"/>
      </slicing>
      <short value="Additional content defined by implementations"/>
      <definition value="May be used to represent additional information that is not part of the basic definition of the element. To make the use of extensions safe and manageable, there is a strict set of governance  applied to the definition and use of extensions. Though any implementer can define an extension, there is a set of requirements that SHALL be met as part of the definition of the extension."/>
      <comment value="There can be no stigma associated with the use of extensions by any application, project, or standard - regardless of the institution or jurisdiction that uses or defines the extensions.  The use of extensions is what allows the FHIR specification to retain a core level of simplicity for everyone."/>
      <alias value="extensions"/>
      <alias value="user content"/>
      <min value="0"/>
      <max value="*"/>
      <base>
        <path value="Element.extension"/>
        <min value="0"/>
        <max value="*"/>
      </base>
      <type>
        <code value="Extension"/>
      </type>
      <constraint>
        <key value="ele-1"/>
        <severity value="error"/>
        <human value="All FHIR elements must have a @value or children"/>
        <expression value="hasValue() or (children().count() &gt; id.count())"/>
        <xpath value="@value|f:*|h:div"/>
        <source value="http://hl7.org/fhir/StructureDefinition/Element"/>
      </constraint>
      <constraint>
        <key value="ext-1"/>
        <severity value="error"/>
        <human value="Must have either extensions or value[x], not both"/>
        <expression value="extension.exists() != value.exists()"/>
        <xpath value="exists(f:extension)!=exists(f:*[starts-with(local-name(.), &quot;value&quot;)])"/>
        <source value="http://hl7.org/fhir/StructureDefinition/Extension"/>
      </constraint>
      <isModifier value="false"/>
      <isSummary value="false"/>
      <mapping>
        <identity value="rim"/>
        <map value="n/a"/>
      </mapping>
    </element>
    <element id="ContactPoint.period.start">
      <path value="ContactPoint.period.start"/>
      <short value="Data de Início do Meio de Contato"/>
      <definition value="Data em que o meio de contato foi cadastrado ou começou a ser utilizado pelo indivíduo."/>
      <comment value="If the low element is missing, the meaning is that the low boundary is not known."/>
      <min value="0"/>
      <max value="1"/>
      <base>
        <path value="Period.start"/>
        <min value="0"/>
        <max value="1"/>
      </base>
      <type>
        <code value="dateTime"/>
      </type>
      <condition value="per-1"/>
      <constraint>
        <key value="ele-1"/>
        <severity value="error"/>
        <human value="All FHIR elements must have a @value or children"/>
        <expression value="hasValue() or (children().count() &gt; id.count())"/>
        <xpath value="@value|f:*|h:div"/>
        <source value="http://hl7.org/fhir/StructureDefinition/Element"/>
      </constraint>
      <mustSupport value="true"/>
      <isModifier value="false"/>
      <isSummary value="true"/>
      <mapping>
        <identity value="v2"/>
        <map value="DR.1"/>
      </mapping>
      <mapping>
        <identity value="rim"/>
        <map value="./low"/>
      </mapping>
    </element>
    <element id="ContactPoint.period.end">
      <path value="ContactPoint.period.end"/>
      <short value="Data da Término do Meio de Contato"/>
      <definition value="Data em que o meio de contato foi desativado ou parou de ser utilizado pelo indivíduo."/>
      <comment value="The high value includes any matching date/time. i.e. 2012-02-03T10:00:00 is in a period that has an end value of 2012-02-03."/>
      <min value="0"/>
      <max value="1"/>
      <base>
        <path value="Period.end"/>
        <min value="0"/>
        <max value="1"/>
      </base>
      <type>
        <code value="dateTime"/>
      </type>
      <meaningWhenMissing value="If the end of the period is missing, it means that the period is ongoing"/>
      <condition value="per-1"/>
      <constraint>
        <key value="ele-1"/>
        <severity value="error"/>
        <human value="All FHIR elements must have a @value or children"/>
        <expression value="hasValue() or (children().count() &gt; id.count())"/>
        <xpath value="@value|f:*|h:div"/>
        <source value="http://hl7.org/fhir/StructureDefinition/Element"/>
      </constraint>
      <mustSupport value="true"/>
      <isModifier value="false"/>
      <isSummary value="true"/>
      <mapping>
        <identity value="v2"/>
        <map value="DR.2"/>
      </mapping>
      <mapping>
        <identity value="rim"/>
        <map value="./high"/>
      </mapping>
    </element>
  </snapshot>
  <differential>
    <element id="ContactPoint">
      <path value="ContactPoint"/>
      <short value="Meio de Contato"/>
      <definition value="Informações do(s) meio(s) de contato com o indivíduo."/>
      <alias value="Contato"/>
      <alias value="Informação de Contato"/>
      <alias value="Telefone"/>
      <alias value="E-Mail"/>
      <alias value="Correio Eletrônico"/>
      <alias value="Celular"/>
      <alias value="Recado"/>
      <mustSupport value="true"/>
    </element>
    <element id="ContactPoint.system">
      <path value="ContactPoint.system"/>
      <short value="Tipo de Meio de Contato"/>
      <definition value="sms: número de telefone celular.&#xD;&#xA;phone: número de telefone fixo.&#xD;&#xA;fax: número de fax.&#xD;&#xA;email: endereço de correio eletrônico (e-mail).&#xD;&#xA;pager: número de pager/bip.&#xD;&#xA;url: endereço do sítio eletrônico na internet, inclusive redes sociais.&#xD;&#xA;other: outros meios de contato, inserir no value uma descrição, seguida do caractere : e espaço, seguido do contato propriamente dito (ex.: Jabber: fulano@organizacao)."/>
      <min value="1"/>
      <mustSupport value="true"/>
    </element>
    <element id="ContactPoint.value">
      <path value="ContactPoint.value"/>
      <short value="Contato"/>
      <definition value="O número do telefone (preferencialmente em formato internacional +CC DDD XXXXX-XXXX, onde CC é o código do país, DDD código da cidade/localidade e XXXXX-XXXX é o número do telefone propriamente dito), endereço de correio eletrônico (ex.: fulano@provedor.br), URL ou outro valor que identifique o contato. Quando utilizar &quot;other&quot; no system, inserir uma descrição do meio de contato, seguida do caractere : e espaço, seguido do contato propriamente dito (ex.: Jabber: fulano@organizacao)."/>
      <min value="1"/>
      <mustSupport value="true"/>
    </element>
    <element id="ContactPoint.use">
      <path value="ContactPoint.use"/>
      <short value="Uso do Meio de Contato"/>
      <definition value="home: residencial.&#xD;&#xA;work: comercial.&#xD;&#xA;temp: temporário ou de recado.&#xD;&#xA;mobile: dispositivo móvel, como um telefone celular."/>
      <mustSupport value="true"/>
    </element>
    <element id="ContactPoint.rank">
      <path value="ContactPoint.rank"/>
      <short value="Ordem de Preferência"/>
      <definition value="Especifica uma ordem preferencial entre vários contatos do mesmo tipo, sendo o de valor 1 o preferido."/>
      <mustSupport value="true"/>
    </element>
    <element id="ContactPoint.period">
      <path value="ContactPoint.period"/>
      <short value="Período do Meio de Contato"/>
      <definition value="Período em que o meio de contato foi utilizado pelo indivíduo."/>
      <mustSupport value="true"/>
    </element>
    <element id="ContactPoint.period.start">
      <path value="ContactPoint.period.start"/>
      <short value="Data de Início do Meio de Contato"/>
      <definition value="Data em que o meio de contato foi cadastrado ou começou a ser utilizado pelo indivíduo."/>
      <mustSupport value="true"/>
    </element>
    <element id="ContactPoint.period.end">
      <path value="ContactPoint.period.end"/>
      <short value="Data da Término do Meio de Contato"/>
      <definition value="Data em que o meio de contato foi desativado ou parou de ser utilizado pelo indivíduo."/>
      <mustSupport value="true"/>
    </element>
  </differential>
</StructureDefinition>