<?xml version="1.0" encoding="UTF-8"?>

<ValueSet xmlns="http://hl7.org/fhir">
  <id value="BRClassificacaoLista-1.0"/>
  <meta>
    <lastUpdated value="2020-03-11T16:15:18.862-03:00"/>
  </meta>
  <language value="pt-BR"/>
  <text>
    <status value="generated"/><div xmlns="http://www.w3.org/1999/xhtml" xml:lang="pt-BR" lang="pt-BR"><ul><li>Include all codes defined in <a href="CodeSystem-BRClassificacaoLista.html"><code>http://www.saude.gov.br/fhir/r4/CodeSystem/BRClassificacaoLista</code></a></li></ul></div>
  </text>
  <url value="http://www.saude.gov.br/fhir/r4/ValueSet/BRClassificacaoLista-1.0"/>
  <version value="0.1.0"/>
  <name value="BRClassificacaoLista"/>
  <title value="Classificação das Listas"/>
  <status value="active"/>
  <experimental value="false"/>
  <date value="2020-03-11T19:15:39.3549501+00:00"/>
  <publisher value="Rede Nacional de Dados em Saúde"/>
  <contact>
    <name value="Rede Nacional de Dados em Saúde"/>
    <telecom>
      <system value="url"/>
      <value value="https://github.com/kyriosdata"/>
    </telecom>
    <telecom>
      <system value="email"/>
      <value value="rnds@saude.gov.br"/>
    </telecom>
  </contact>
  <description value="ValueSet utilizado para classificar os tipos de listas utilizados na Rede Nacional de Dados em Saúde."/>
  <immutable value="false"/>
  <compose>
    <include>
      <system value="http://www.saude.gov.br/fhir/r4/CodeSystem/BRClassificacaoLista"/>
      <version value="*"/>
    </include>
  </compose>
</ValueSet>