<?xml version="1.0" encoding="UTF-8"?>

<ValueSet xmlns="http://hl7.org/fhir">
  <id value="BRAbrangencia-1.0"/>
  <language value="pt-BR"/>
  <text>
    <status value="generated"/><div xmlns="http://www.w3.org/1999/xhtml" xml:lang="pt-BR" lang="pt-BR"><ul><li>Include all codes defined in <a href="CodeSystem-BRAbrangencia.html"><code>http://www.saude.gov.br/fhir/r4/CodeSystem/BRAbrangencia</code></a></li></ul></div>
  </text>
  <url value="http://www.saude.gov.br/fhir/r4/ValueSet/BRAbrangencia-1.0"/>
  <version value="0.1.0"/>
  <name value="BRAbrangencia"/>
  <status value="active"/>
  <experimental value="false"/>
  <date value="2020-12-08T17:23:03Z"/>
  <publisher value="Rede Nacional de Dados em Saúde"/>
  <contact>
    <name value="Rede Nacional de Dados em Saúde"/>
    <telecom>
      <system value="url"/>
      <value value="https://github.com/kyriosdata"/>
    </telecom>
    <telecom>
      <system value="email"/>
      <value value="rnds@saude.gov.br"/>
    </telecom>
  </contact>
  <description value="Identifica a abrangência territorial da atividade adotada."/>
  <immutable value="false"/>
  <compose>
    <include>
      <system value="http://www.saude.gov.br/fhir/r4/CodeSystem/BRAbrangencia"/>
      <version value="*"/>
    </include>
  </compose>
</ValueSet>