<?xml version="1.0" encoding="UTF-8"?>

<ValueSet xmlns="http://hl7.org/fhir">
  <id value="BRCategoriaExame-1.0"/>
  <meta>
    <lastUpdated value="2020-03-26T10:20:05.669-03:00"/>
  </meta>
  <language value="pt-BR"/>
  <text>
    <status value="generated"/><div xmlns="http://www.w3.org/1999/xhtml" xml:lang="pt-BR" lang="pt-BR"><ul><li>Include all codes defined in <a href="CodeSystem-BRSubgrupoTabelaSUS.html"><code>http://www.saude.gov.br/fhir/r4/CodeSystem/BRSubgrupoTabelaSUS</code></a></li></ul></div>
  </text>
  <url value="http://www.saude.gov.br/fhir/r4/ValueSet/BRCategoriaExame-1.0"/>
  <version value="0.1.0"/>
  <name value="BRCategoriaExame"/>
  <title value="Categoria do exame"/>
  <status value="active"/>
  <experimental value="false"/>
  <date value="2020-03-26T13:20:04.5290649+00:00"/>
  <publisher value="Rede Nacional de Dados em Saúde"/>
  <contact>
    <name value="Rede Nacional de Dados em Saúde"/>
    <telecom>
      <system value="url"/>
      <value value="https://github.com/kyriosdata"/>
    </telecom>
    <telecom>
      <system value="email"/>
      <value value="rnds@saude.gov.br"/>
    </telecom>
  </contact>
  <description value="Categoriza exames ou testes utilizando os subgrupos do grupo 02 - Procedimentos com finalidade diagnóstica da Tabela SUS."/>
  <immutable value="false"/>
  <compose>
    <include>
      <system value="http://www.saude.gov.br/fhir/r4/CodeSystem/BRSubgrupoTabelaSUS"/>
      <version value="*"/>
    </include>
  </compose>
</ValueSet>