<?xml version="1.0" encoding="UTF-8"?>

<ValueSet xmlns="http://hl7.org/fhir">
  <id value="BREstrategiaVacinacaoCampanha-1.0"/>
  <meta>
    <lastUpdated value="2020-12-07T12:41:00.201-03:00"/>
  </meta>
  <language value="pt-BR"/>
  <text>
    <status value="generated"/><div xmlns="http://www.w3.org/1999/xhtml" xml:lang="pt-BR" lang="pt-BR"><ul><li>Include these codes as defined in <a href="CodeSystem-BREstrategiaVacinacao.html"><code>http://www.saude.gov.br/fhir/r4/CodeSystem/BREstrategiaVacinacao</code></a><table class="none"><tr><td style="white-space:nowrap"><b>Code</b></td><td><b>Display</b></td></tr><tr><td><a href="CodeSystem-BREstrategiaVacinacao.html#BREstrategiaVacinacao-5">5</a></td><td>Campanha indiscriminada</td></tr><tr><td><a href="CodeSystem-BREstrategiaVacinacao.html#BREstrategiaVacinacao-6">6</a></td><td>Campanha seletiva</td></tr></table></li></ul></div>
  </text>
  <url value="http://www.saude.gov.br/fhir/r4/ValueSet/BREstrategiaVacinacaoCampanha-1.0"/>
  <version value="0.1.0"/>
  <name value="BREstrategiaVacinacaoCampanha"/>
  <title value="Estratégia de Vacinação em Campanha"/>
  <status value="active"/>
  <experimental value="false"/>
  <date value="2020-12-07T15:41:00.2986924+00:00"/>
  <publisher value="Rede Nacional de Dados em Saúde"/>
  <contact>
    <name value="Rede Nacional de Dados em Saúde"/>
    <telecom>
      <system value="url"/>
      <value value="https://github.com/kyriosdata"/>
    </telecom>
    <telecom>
      <system value="email"/>
      <value value="rnds@saude.gov.br"/>
    </telecom>
  </contact>
  <description value="Identifica a estratégia de vacinação adotada.na campanha"/>
  <immutable value="false"/>
  <compose>
    <include>
      <system value="http://www.saude.gov.br/fhir/r4/CodeSystem/BREstrategiaVacinacao"/>
      <concept>
        <code value="5"/>
        <display value="Campanha indiscriminada"/>
      </concept>
      <concept>
        <code value="6"/>
        <display value="Campanha seletiva"/>
      </concept>
    </include>
  </compose>
</ValueSet>