<?xml version="1.0" encoding="UTF-8"?>

<ValueSet xmlns="http://hl7.org/fhir">
  <id value="BREstadoEvento-1.0"/>
  <meta>
    <lastUpdated value="2020-04-07T09:14:10.395-03:00"/>
  </meta>
  <language value="pt-BR"/>
  <text>
    <status value="extensions"/><div xmlns="http://www.w3.org/1999/xhtml" xml:lang="pt-BR" lang="pt-BR"><ul><li>Include these codes as defined in <a href="http://hl7.org/fhir/R4/codesystem-event-status.html"><code>http://hl7.org/fhir/event-status</code></a><table class="none"><tr><td style="white-space:nowrap"><b>Code</b></td><td><b>Display</b></td><td><b>Definition</b></td></tr><tr><td><a href="http://hl7.org/fhir/R4/codesystem-event-status.html#event-status-preparation">preparation</a></td><td>Solicitado</td><td>The core event has not started yet, but some staging activities have begun (e.g. surgical suite preparation).  Preparation stages may be tracked for billing purposes.</td></tr><tr><td><a href="http://hl7.org/fhir/R4/codesystem-event-status.html#event-status-on-hold">on-hold</a></td><td>Suspenso</td><td>The event has been temporarily stopped but is expected to resume in the future.</td></tr><tr><td><a href="http://hl7.org/fhir/R4/codesystem-event-status.html#event-status-completed">completed</a></td><td>Concluído</td><td>The event has now concluded.</td></tr><tr><td><a href="http://hl7.org/fhir/R4/codesystem-event-status.html#event-status-entered-in-error">entered-in-error</a></td><td>Cancelado por informação errada</td><td>This electronic record should never have existed, though it is possible that real-world decisions were based on it.  (If real-world activity has occurred, the status should be &quot;stopped&quot; rather than &quot;entered-in-error&quot;.).</td></tr></table></li></ul></div>
  </text>
  <url value="http://www.saude.gov.br/fhir/r4/ValueSet/BREstadoEvento-1.0"/>
  <version value="0.1.0"/>
  <name value="BREstadoEvento"/>
  <title value="Estado do Evento"/>
  <status value="active"/>
  <experimental value="false"/>
  <date value="2020-04-07T12:14:07.8417018+00:00"/>
  <publisher value="Rede Nacional de Dados em Saúde"/>
  <contact>
    <name value="Rede Nacional de Dados em Saúde"/>
    <telecom>
      <system value="url"/>
      <value value="https://github.com/kyriosdata"/>
    </telecom>
    <telecom>
      <system value="email"/>
      <value value="rnds@saude.gov.br"/>
    </telecom>
  </contact>
  <description value="Identificação do estado de um evento."/>
  <immutable value="false"/>
  <compose>
    <include>
      <system value="http://hl7.org/fhir/event-status"/>
      <concept>
        <code value="preparation"/>
        <display value="Solicitado"/>
      </concept>
      <concept>
        <code value="on-hold"/>
        <display value="Suspenso"/>
      </concept>
      <concept>
        <code value="completed"/>
        <display value="Concluído"/>
      </concept>
      <concept>
        <code value="entered-in-error"/>
        <display value="Cancelado por informação errada"/>
      </concept>
    </include>
  </compose>
</ValueSet>