<?xml version="1.0" encoding="UTF-8"?>

<ValueSet xmlns="http://hl7.org/fhir">
  <id value="BRMunicipio-1.0"/>
  <meta>
    <lastUpdated value="2020-03-11T16:17:31.538-03:00"/>
  </meta>
  <language value="pt-BR"/>
  <text>
    <status value="generated"/><div xmlns="http://www.w3.org/1999/xhtml" xml:lang="pt-BR" lang="pt-BR"><ul><li>Include codes from <a href="CodeSystem-BRDivisaoGeograficaBrasil.html"><code>http://www.saude.gov.br/fhir/r4/CodeSystem/BRDivisaoGeograficaBrasil</code></a> where type  =  city</li></ul></div>
  </text>
  <url value="http://www.saude.gov.br/fhir/r4/ValueSet/BRMunicipio-1.0"/>
  <version value="0.1.0"/>
  <name value="BRMunicipio"/>
  <title value="Município"/>
  <status value="active"/>
  <experimental value="false"/>
  <date value="2020-03-11T19:17:52.0302375+00:00"/>
  <publisher value="Rede Nacional de Dados em Saúde"/>
  <contact>
    <name value="Rede Nacional de Dados em Saúde"/>
    <telecom>
      <system value="url"/>
      <value value="https://github.com/kyriosdata"/>
    </telecom>
    <telecom>
      <system value="email"/>
      <value value="rnds@saude.gov.br"/>
    </telecom>
  </contact>
  <description value="Municípios brasileiros, entes subnacionais."/>
  <immutable value="false"/>
  <compose>
    <include>
      <system value="http://www.saude.gov.br/fhir/r4/CodeSystem/BRDivisaoGeograficaBrasil"/>
      <version value="*"/>
      <filter>
        <property value="type"/>
        <op value="="/>
        <value value="city"/>
      </filter>
    </include>
  </compose>
</ValueSet>