<?xml version="1.0" encoding="UTF-8"?>

<ValueSet xmlns="http://hl7.org/fhir">
  <id value="BREstadoContatoAssistencial-1.0"/>
  <meta>
    <lastUpdated value="2020-04-07T18:01:37.692-03:00"/>
  </meta>
  <language value="pt-BR"/>
  <text>
    <status value="extensions"/><div xmlns="http://www.w3.org/1999/xhtml" xml:lang="pt-BR" lang="pt-BR"><ul><li>Include these codes as defined in <a href="http://hl7.org/fhir/R4/codesystem-encounter-status.html"><code>http://hl7.org/fhir/encounter-status</code></a><table class="none"><tr><td style="white-space:nowrap"><b>Code</b></td><td><b>Display</b></td><td><b>Definition</b></td></tr><tr><td><a href="http://hl7.org/fhir/R4/codesystem-encounter-status.html#encounter-status-finished">finished</a></td><td>Contato Assistencial finalizado ou concluído</td><td>The Encounter has ended.</td></tr><tr><td><a href="http://hl7.org/fhir/R4/codesystem-encounter-status.html#encounter-status-entered-in-error">entered-in-error</a></td><td>Contato Assistencial anulado por informação errada</td><td>This instance should not have been part of this patient's medical record.</td></tr></table></li></ul></div>
  </text>
  <url value="http://www.saude.gov.br/fhir/r4/ValueSet/BREstadoContatoAssistencial-1.0"/>
  <version value="0.1.0"/>
  <name value="BREstadoContatoAssistencial"/>
  <title value="Estado do Contato Assistencial"/>
  <status value="active"/>
  <experimental value="false"/>
  <date value="2020-04-07T21:01:35.632661+00:00"/>
  <publisher value="Rede Nacional de Dados em Saúde"/>
  <contact>
    <name value="Rede Nacional de Dados em Saúde"/>
    <telecom>
      <system value="url"/>
      <value value="https://github.com/kyriosdata"/>
    </telecom>
    <telecom>
      <system value="email"/>
      <value value="rnds@saude.gov.br"/>
    </telecom>
  </contact>
  <description value="Classifica o estado de um Contato Assistencial."/>
  <immutable value="false"/>
  <compose>
    <include>
      <system value="http://hl7.org/fhir/encounter-status"/>
      <concept>
        <code value="finished"/>
        <display value="Contato Assistencial finalizado ou concluído"/>
      </concept>
      <concept>
        <code value="entered-in-error"/>
        <display value="Contato Assistencial anulado por informação errada"/>
      </concept>
    </include>
  </compose>
</ValueSet>