<?xml version="1.0" encoding="UTF-8"?>

<ValueSet xmlns="http://hl7.org/fhir">
  <id value="BRViaAdministracao-1.0"/>
  <meta>
    <lastUpdated value="2020-03-12T11:51:30.604-03:00"/>
  </meta>
  <language value="pt-BR"/>
  <text>
    <status value="generated"/><div xmlns="http://www.w3.org/1999/xhtml" xml:lang="pt-BR" lang="pt-BR"><ul><li>Include all codes defined in <a href="CodeSystem-BRViaAdministracao.html"><code>http://www.saude.gov.br/fhir/r4/CodeSystem/BRViaAdministracao</code></a></li></ul></div>
  </text>
  <url value="http://www.saude.gov.br/fhir/r4/ValueSet/BRViaAdministracao-1.0"/>
  <version value="0.1.0"/>
  <name value="BRViaAdministracao"/>
  <title value="Via de Administração do Imunobiológico"/>
  <status value="active"/>
  <experimental value="false"/>
  <date value="2020-03-12T14:51:30.2531733+00:00"/>
  <publisher value="Rede Nacional de Dados em Saúde"/>
  <contact>
    <name value="Rede Nacional de Dados em Saúde"/>
    <telecom>
      <system value="url"/>
      <value value="https://github.com/kyriosdata"/>
    </telecom>
    <telecom>
      <system value="email"/>
      <value value="rnds@saude.gov.br"/>
    </telecom>
  </contact>
  <description value="Via de administração de um imunobiológico."/>
  <immutable value="false"/>
  <compose>
    <include>
      <system value="http://www.saude.gov.br/fhir/r4/CodeSystem/BRViaAdministracao"/>
      <version value="*"/>
    </include>
  </compose>
</ValueSet>