<?xml version="1.0" encoding="UTF-8"?>

<ValueSet xmlns="http://hl7.org/fhir">
  <id value="BREstadoObservacao-1.0"/>
  <meta>
    <lastUpdated value="2020-03-12T10:09:43.939-03:00"/>
  </meta>
  <language value="pt-BR"/>
  <text>
    <status value="extensions"/><div xmlns="http://www.w3.org/1999/xhtml" xml:lang="pt-BR" lang="pt-BR"><ul><li>Include these codes as defined in <a href="http://hl7.org/fhir/R4/codesystem-observation-status.html"><code>http://hl7.org/fhir/observation-status</code></a><table class="none"><tr><td style="white-space:nowrap"><b>Code</b></td><td><b>Display</b></td><td><b>Definition</b></td></tr><tr><td><a href="http://hl7.org/fhir/R4/codesystem-observation-status.html#observation-status-final">final</a></td><td>Concluída</td><td>The observation is complete and there are no further actions needed. Additional information such &quot;released&quot;, &quot;signed&quot;, etc would be represented using [Provenance](provenance.html) which provides not only the act but also the actors and dates and other related data. These act states would be associated with an observation status of `preliminary` until they are all completed and then a status of `final` would be applied.</td></tr><tr><td><a href="http://hl7.org/fhir/R4/codesystem-observation-status.html#observation-status-entered-in-error">entered-in-error</a></td><td>Cancelada por informação errada</td><td>The observation has been withdrawn following previous final release.  This electronic record should never have existed, though it is possible that real-world decisions were based on it. (If real-world activity has occurred, the status should be &quot;cancelled&quot; rather than &quot;entered-in-error&quot;.).</td></tr></table></li></ul></div>
  </text>
  <url value="http://www.saude.gov.br/fhir/r4/ValueSet/BREstadoObservacao-1.0"/>
  <version value="0.1.0"/>
  <name value="BREstadoObservacao"/>
  <title value="Estado da Observação."/>
  <status value="active"/>
  <experimental value="false"/>
  <date value="2020-03-12T13:09:42.3921631+00:00"/>
  <publisher value="Rede Nacional de Dados em Saúde"/>
  <contact>
    <name value="Rede Nacional de Dados em Saúde"/>
    <telecom>
      <system value="url"/>
      <value value="https://github.com/kyriosdata"/>
    </telecom>
    <telecom>
      <system value="email"/>
      <value value="rnds@saude.gov.br"/>
    </telecom>
  </contact>
  <description value="Tipos de estados de uma observação."/>
  <immutable value="false"/>
  <compose>
    <include>
      <system value="http://hl7.org/fhir/observation-status"/>
      <concept>
        <code value="final"/>
        <display value="Concluída"/>
      </concept>
      <concept>
        <code value="entered-in-error"/>
        <display value="Cancelada por informação errada"/>
      </concept>
    </include>
  </compose>
</ValueSet>