<?xml version="1.0" encoding="UTF-8"?>

<ValueSet xmlns="http://hl7.org/fhir">
  <id value="BRMotivoDesfecho-1.0"/>
  <meta>
    <lastUpdated value="2020-03-12T10:18:05.304-03:00"/>
  </meta>
  <language value="pt-BR"/>
  <text>
    <status value="generated"/><div xmlns="http://www.w3.org/1999/xhtml" xml:lang="pt-BR" lang="pt-BR"><ul><li>Include all codes defined in <a href="CodeSystem-BRMotivoDesfecho.html"><code>http://www.saude.gov.br/fhir/r4/CodeSystem/BRMotivoDesfecho</code></a></li></ul></div>
  </text>
  <url value="http://www.saude.gov.br/fhir/r4/ValueSet/BRMotivoDesfecho-1.0"/>
  <version value="0.1.0"/>
  <name value="BRMotivoDesfecho"/>
  <title value="Motivo do desfecho do Contato assistencial"/>
  <status value="active"/>
  <experimental value="false"/>
  <date value="2020-03-12T13:18:04.0945614+00:00"/>
  <publisher value="Rede Nacional de Dados em Saúde"/>
  <contact>
    <name value="Rede Nacional de Dados em Saúde"/>
    <telecom>
      <system value="url"/>
      <value value="https://github.com/kyriosdata"/>
    </telecom>
    <telecom>
      <system value="email"/>
      <value value="rnds@saude.gov.br"/>
    </telecom>
  </contact>
  <description value="ValueSet utilizado para classificar o motivo de conclusão total ou parcial do contato assistencial."/>
  <immutable value="false"/>
  <compose>
    <include>
      <system value="http://www.saude.gov.br/fhir/r4/CodeSystem/BRMotivoDesfecho"/>
      <version value="*"/>
    </include>
  </compose>
</ValueSet>