<?xml version="1.0" encoding="UTF-8"?><CodeSystem xmlns="http://hl7.org/fhir"><id value="BROrgaoExpedidor"/><meta><lastUpdated value="2020-03-11T15:19:26.425-03:00"/></meta><language value="pt-BR"/><text><status value="generated"/><div xmlns="http://www.w3.org/1999/xhtml" xml:lang="pt-BR" lang="pt-BR"><p>This code system http://www.saude.gov.br/fhir/r4/CodeSystem/BROrgaoExpedidor defines the following codes:</p><table class="codes"><tr><td style="white-space:nowrap"><b>Code</b></td><td><b>Display</b></td></tr><tr><td style="white-space:nowrap">RFB<a name="BROrgaoExpedidor-RFB"> </a></td><td>Receita Federal do Brasil</td></tr><tr><td style="white-space:nowrap">COREN<a name="BROrgaoExpedidor-COREN"> </a></td><td>Conselho Regional de Enfermagem (COREn)</td></tr><tr><td style="white-space:nowrap">CRM<a name="BROrgaoExpedidor-CRM"> </a></td><td>Conselho Regional de Medicina (CRM)</td></tr><tr><td style="white-space:nowrap">CRO<a name="BROrgaoExpedidor-CRO"> </a></td><td>Conselho Regional de Odontologia (CRO)</td></tr><tr><td style="white-space:nowrap">CRA<a name="BROrgaoExpedidor-CRA"> </a></td><td>Conselho Regional de Administração (CRA)</td></tr><tr><td style="white-space:nowrap">CRESS<a name="BROrgaoExpedidor-CRESS"> </a></td><td>Conselho Regional de Serviço Social (CRESS)</td></tr><tr><td style="white-space:nowrap">CRB<a name="BROrgaoExpedidor-CRB"> </a></td><td>Conselho Regional de Biblioteconomia (CRB)</td></tr><tr><td style="white-space:nowrap">CRC<a name="BROrgaoExpedidor-CRC"> </a></td><td>Conselho Regional de Contabilidade (CRC)</td></tr><tr><td style="white-space:nowrap">CRECI<a name="BROrgaoExpedidor-CRECI"> </a></td><td>Conselho Regional de Corretores de Imóveis (CRECI)</td></tr><tr><td style="white-space:nowrap">CORECON<a name="BROrgaoExpedidor-CORECON"> </a></td><td>Conselho Regional de Economia (CORECON)</td></tr><tr><td style="white-space:nowrap">CREA<a name="BROrgaoExpedidor-CREA"> </a></td><td>Conselho Regional de Engenharia e Agronomia (CREA)</td></tr><tr><td style="white-space:nowrap">CONFRE<a name="BROrgaoExpedidor-CONFRE"> </a></td><td>Conselho Regional de Estatística (CONRE)</td></tr><tr><td style="white-space:nowrap">CRF<a name="BROrgaoExpedidor-CRF"> </a></td><td>Conselho Regional de Farmácia (CRF)</td></tr><tr><td style="white-space:nowrap">CREFITO<a name="BROrgaoExpedidor-CREFITO"> </a></td><td>Conselho Regional de Fisioterapia e Terapia Ocupacional (CREFITO)</td></tr><tr><td style="white-space:nowrap">CRMV<a name="BROrgaoExpedidor-CRMV"> </a></td><td>Conselho Regional de Medicina Veterinária (CRMV)</td></tr><tr><td style="white-space:nowrap">CRN<a name="BROrgaoExpedidor-CRN"> </a></td><td>Conselho Regional de Nutrição (CRN)</td></tr><tr><td style="white-space:nowrap">CONRERP<a name="BROrgaoExpedidor-CONRERP"> </a></td><td>Conselho Regional de Reçações Públicas (CONRERP)</td></tr><tr><td style="white-space:nowrap">CRP<a name="BROrgaoExpedidor-CRP"> </a></td><td>Conselho Regional de Psicologia (CRP)</td></tr><tr><td style="white-space:nowrap">CRQ<a name="BROrgaoExpedidor-CRQ"> </a></td><td>Conselho Regional de Química (CRQ)</td></tr><tr><td style="white-space:nowrap">CORE<a name="BROrgaoExpedidor-CORE"> </a></td><td>Conselho Regional de Representantes Comerciais (CORE)</td></tr><tr><td style="white-space:nowrap">CREF<a name="BROrgaoExpedidor-CREF"> </a></td><td>Conselho Regional de Educação Física (CREF)</td></tr><tr><td style="white-space:nowrap">CAU<a name="BROrgaoExpedidor-CAU"> </a></td><td>Conselho Regional de Arquitetura e Urbanismo (CAU)</td></tr><tr><td style="white-space:nowrap">CRBIO<a name="BROrgaoExpedidor-CRBIO"> </a></td><td>Conselho Regional de Biologia (CRBio)</td></tr><tr><td style="white-space:nowrap">CRBM<a name="BROrgaoExpedidor-CRBM"> </a></td><td>Conselho Regional de Biomedicina (CRBM)</td></tr><tr><td style="white-space:nowrap">CRFA<a name="BROrgaoExpedidor-CRFA"> </a></td><td>Conselho Regional de Fonoaudiologia (CRFa/CREFONO)</td></tr><tr><td style="white-space:nowrap">CRTR<a name="BROrgaoExpedidor-CRTR"> </a></td><td>Conselho Regional de Técnicos em Radiologia (CRTR)</td></tr><tr><td style="white-space:nowrap">CRT<a name="BROrgaoExpedidor-CRT"> </a></td><td>Conselho Regional dos Técnicos Industriais (CRT)</td></tr><tr><td style="white-space:nowrap">OAB<a name="BROrgaoExpedidor-OAB"> </a></td><td>Ordem dos Advogados do BRAasil (OAB)</td></tr><tr><td style="white-space:nowrap">EB<a name="BROrgaoExpedidor-EB"> </a></td><td>Exército Brasileiro</td></tr><tr><td style="white-space:nowrap">FAB<a name="BROrgaoExpedidor-FAB"> </a></td><td>Força Aérea Brasileira</td></tr><tr><td style="white-space:nowrap">MB<a name="BROrgaoExpedidor-MB"> </a></td><td>Marinha do Brasil</td></tr><tr><td style="white-space:nowrap">PM<a name="BROrgaoExpedidor-PM"> </a></td><td>Polícia Militar</td></tr><tr><td style="white-space:nowrap">CBM<a name="BROrgaoExpedidor-CBM"> </a></td><td>Corpo de Bombeiros Militar</td></tr><tr><td style="white-space:nowrap">SSP<a name="BROrgaoExpedidor-SSP"> </a></td><td>Serviço de Segurança Pública</td></tr><tr><td style="white-space:nowrap">II<a name="BROrgaoExpedidor-II"> </a></td><td>Instituto de Identificação</td></tr><tr><td style="white-space:nowrap">PCE<a name="BROrgaoExpedidor-PCE"> </a></td><td>Polícia Civil do Estado</td></tr><tr><td style="white-space:nowrap">PF<a name="BROrgaoExpedidor-PF"> </a></td><td>Polícia Federal</td></tr><tr><td style="white-space:nowrap">DETRAN<a name="BROrgaoExpedidor-DETRAN"> </a></td><td>Departamento Estadual de Trânsito</td></tr><tr><td style="white-space:nowrap">MS<a name="BROrgaoExpedidor-MS"> </a></td><td>Ministério da Saúde</td></tr><tr><td style="white-space:nowrap">MC<a name="BROrgaoExpedidor-MC"> </a></td><td>Ministério da Cidadania</td></tr><tr><td style="white-space:nowrap">CARTORIO<a name="BROrgaoExpedidor-CARTORIO"> </a></td><td>Cartório de Registro Civil</td></tr><tr><td style="white-space:nowrap">other<a name="BROrgaoExpedidor-other"> </a></td><td>Outro órgão não listado</td></tr></table></div></text><url value="http://www.saude.gov.br/fhir/r4/CodeSystem/BROrgaoExpedidor"/><version value="0.1.0"/><name value="Órgão Expedidor"/><title value="Órgão expedidor de documento"/><status value="active"/><experimental value="false"/><date value="2020-03-11T18:19:46.5824974+00:00"/><publisher value="Rede Nacional de Dados em Saúde"/><contact><name value="Rede Nacional de Dados em Saúde"/><telecom><system value="url"/><value value="https://github.com/kyriosdata"/></telecom><telecom><system value="email"/><value value="rnds@saude.gov.br"/></telecom></contact><description value="Órgãos responsáveis por expedir documentos no Brasil."/><content value="complete"/><count value="42"/><concept><code value="RFB"/><display value="Receita Federal do Brasil"/></concept><concept><code value="COREN"/><display value="Conselho Regional de Enfermagem (COREn)"/></concept><concept><code value="CRM"/><display value="Conselho Regional de Medicina (CRM)"/></concept><concept><code value="CRO"/><display value="Conselho Regional de Odontologia (CRO)"/></concept><concept><code value="CRA"/><display value="Conselho Regional de Administração (CRA)"/></concept><concept><code value="CRESS"/><display value="Conselho Regional de Serviço Social (CRESS)"/></concept><concept><code value="CRB"/><display value="Conselho Regional de Biblioteconomia (CRB)"/></concept><concept><code value="CRC"/><display value="Conselho Regional de Contabilidade (CRC)"/></concept><concept><code value="CRECI"/><display value="Conselho Regional de Corretores de Imóveis (CRECI)"/></concept><concept><code value="CORECON"/><display value="Conselho Regional de Economia (CORECON)"/></concept><concept><code value="CREA"/><display value="Conselho Regional de Engenharia e Agronomia (CREA)"/></concept><concept><code value="CONFRE"/><display value="Conselho Regional de Estatística (CONRE)"/></concept><concept><code value="CRF"/><display value="Conselho Regional de Farmácia (CRF)"/></concept><concept><code value="CREFITO"/><display value="Conselho Regional de Fisioterapia e Terapia Ocupacional (CREFITO)"/></concept><concept><code value="CRMV"/><display value="Conselho Regional de Medicina Veterinária (CRMV)"/></concept><concept><code value="CRN"/><display value="Conselho Regional de Nutrição (CRN)"/></concept><concept><code value="CONRERP"/><display value="Conselho Regional de Reçações Públicas (CONRERP)"/></concept><concept><code value="CRP"/><display value="Conselho Regional de Psicologia (CRP)"/></concept><concept><code value="CRQ"/><display value="Conselho Regional de Química (CRQ)"/></concept><concept><code value="CORE"/><display value="Conselho Regional de Representantes Comerciais (CORE)"/></concept><concept><code value="CREF"/><display value="Conselho Regional de Educação Física (CREF)"/></concept><concept><code value="CAU"/><display value="Conselho Regional de Arquitetura e Urbanismo (CAU)"/></concept><concept><code value="CRBIO"/><display value="Conselho Regional de Biologia (CRBio)"/></concept><concept><code value="CRBM"/><display value="Conselho Regional de Biomedicina (CRBM)"/></concept><concept><code value="CRFA"/><display value="Conselho Regional de Fonoaudiologia (CRFa/CREFONO)"/></concept><concept><code value="CRTR"/><display value="Conselho Regional de Técnicos em Radiologia (CRTR)"/></concept><concept><code value="CRT"/><display value="Conselho Regional dos Técnicos Industriais (CRT)"/></concept><concept><code value="OAB"/><display value="Ordem dos Advogados do BRAasil (OAB)"/></concept><concept><code value="EB"/><display value="Exército Brasileiro"/></concept><concept><code value="FAB"/><display value="Força Aérea Brasileira"/></concept><concept><code value="MB"/><display value="Marinha do Brasil"/></concept><concept><code value="PM"/><display value="Polícia Militar"/></concept><concept><code value="CBM"/><display value="Corpo de Bombeiros Militar"/></concept><concept><code value="SSP"/><display value="Serviço de Segurança Pública"/></concept><concept><code value="II"/><display value="Instituto de Identificação"/></concept><concept><code value="PCE"/><display value="Polícia Civil do Estado"/></concept><concept><code value="PF"/><display value="Polícia Federal"/></concept><concept><code value="DETRAN"/><display value="Departamento Estadual de Trânsito"/></concept><concept><code value="MS"/><display value="Ministério da Saúde"/></concept><concept><code value="MC"/><display value="Ministério da Cidadania"/></concept><concept><code value="CARTORIO"/><display value="Cartório de Registro Civil"/></concept><concept><code value="other"/><display value="Outro órgão não listado"/></concept></CodeSystem>