<?xml version="1.0" encoding="UTF-8"?><CodeSystem xmlns="http://hl7.org/fhir"><id value="BREstrategiaVacinacao"/><meta><lastUpdated value="2020-03-11T15:11:59.742-03:00"/></meta><language value="pt-BR"/><text><status value="generated"/><div xmlns="http://www.w3.org/1999/xhtml" xml:lang="pt-BR" lang="pt-BR"><p>This code system http://www.saude.gov.br/fhir/r4/CodeSystem/BREstrategiaVacinacao defines the following codes:</p><table class="codes"><tr><td style="white-space:nowrap"><b>Code</b></td><td><b>Display</b></td></tr><tr><td style="white-space:nowrap">1<a name="BREstrategiaVacinacao-1"> </a></td><td>Rotina</td></tr><tr><td style="white-space:nowrap">2<a name="BREstrategiaVacinacao-2"> </a></td><td>Especial</td></tr><tr><td style="white-space:nowrap">3<a name="BREstrategiaVacinacao-3"> </a></td><td>Bloqueio</td></tr><tr><td style="white-space:nowrap">4<a name="BREstrategiaVacinacao-4"> </a></td><td>Intensificação</td></tr><tr><td style="white-space:nowrap">5<a name="BREstrategiaVacinacao-5"> </a></td><td>Campanha indiscriminada</td></tr><tr><td style="white-space:nowrap">6<a name="BREstrategiaVacinacao-6"> </a></td><td>Campanha seletiva</td></tr><tr><td style="white-space:nowrap">7<a name="BREstrategiaVacinacao-7"> </a></td><td>Soroterapia</td></tr><tr><td style="white-space:nowrap">8<a name="BREstrategiaVacinacao-8"> </a></td><td>Serviço Privado</td></tr><tr><td style="white-space:nowrap">9<a name="BREstrategiaVacinacao-9"> </a></td><td>Monitoramento rápido de cobertura vacinal</td></tr></table></div></text><url value="http://www.saude.gov.br/fhir/r4/CodeSystem/BREstrategiaVacinacao"/><version value="0.1.0"/><name value="Estratégia de Vacinação"/><title value="Estratégia de vacinação"/><status value="active"/><experimental value="false"/><date value="2020-03-11T18:12:20.2627546+00:00"/><publisher value="Rede Nacional de Dados em Saúde"/><contact><name value="Rede Nacional de Dados em Saúde"/><telecom><system value="url"/><value value="https://github.com/kyriosdata"/></telecom><telecom><system value="email"/><value value="rnds@saude.gov.br"/></telecom></contact><description value="Classifica a estratégia de vacinação adotada."/><content value="complete"/><count value="9"/><concept><code value="1"/><display value="Rotina"/></concept><concept><code value="2"/><display value="Especial"/></concept><concept><code value="3"/><display value="Bloqueio"/></concept><concept><code value="4"/><display value="Intensificação"/></concept><concept><code value="5"/><display value="Campanha indiscriminada"/></concept><concept><code value="6"/><display value="Campanha seletiva"/></concept><concept><code value="7"/><display value="Soroterapia"/></concept><concept><code value="8"/><display value="Serviço Privado"/></concept><concept><code value="9"/><display value="Monitoramento rápido de cobertura vacinal"/></concept></CodeSystem>