<?xml version="1.0" encoding="UTF-8"?><CodeSystem xmlns="http://hl7.org/fhir"><id value="BRTipoIdentificador"/><meta><lastUpdated value="2020-03-11T15:25:18.303-03:00"/></meta><language value="pt-BR"/><text><status value="generated"/><div xmlns="http://www.w3.org/1999/xhtml" xml:lang="pt-BR" lang="pt-BR"><p><b>Properties</b></p><table class="grid"><tr><td><b>Code</b></td><td><b>URL</b></td><td><b>Description</b></td><td><b>Type</b></td></tr><tr><td>use</td><td/><td>Uso do Tipo do Identificador</td><td>code</td></tr></table><p>This code system http://www.saude.gov.br/fhir/r4/CodeSystem/BRTipoIdentificador defines the following codes:</p><table class="codes"><tr><td style="white-space:nowrap"><b>Code</b></td><td><b>Display</b></td><td><b>Definition</b></td></tr><tr><td style="white-space:nowrap">AUTH<a name="BRTipoIdentificador-AUTH"> </a></td><td>Código de Autorização</td><td>Identificador da permissão para a realização de um procedimento.</td></tr><tr><td style="white-space:nowrap">BRACRA<a name="BRTipoIdentificador-BRACRA"> </a></td><td>Número de inscrição no Conselho Regional de Administração (CRA)</td><td/></tr><tr><td style="white-space:nowrap">BRACRESS<a name="BRTipoIdentificador-BRACRESS"> </a></td><td>Número de inscrição no Conselho Regional de Serviço Social (CRESS)</td><td/></tr><tr><td style="white-space:nowrap">BRACRB<a name="BRTipoIdentificador-BRACRB"> </a></td><td>Número de inscrição no Conselho Regional de Biblioteconomia (CRB)</td><td/></tr><tr><td style="white-space:nowrap">BRACRC<a name="BRTipoIdentificador-BRACRC"> </a></td><td>Número de inscrição no Conselho Regional de Contabilidade (CRC)</td><td/></tr><tr><td style="white-space:nowrap">BRACRECI<a name="BRTipoIdentificador-BRACRECI"> </a></td><td>Número de inscrição no Conselho Regional de Corretores de Imóveis (CRECI)</td><td/></tr><tr><td style="white-space:nowrap">BRACORECON<a name="BRTipoIdentificador-BRACORECON"> </a></td><td>Número de inscrição no Conselho Regional de Economia (CORECON)</td><td/></tr><tr><td style="white-space:nowrap">BRACREA<a name="BRTipoIdentificador-BRACREA"> </a></td><td>Número de inscrição no Conselho Regional de Engenharia e Agronomia (CREA)</td><td/></tr><tr><td style="white-space:nowrap">BRACONFRE<a name="BRTipoIdentificador-BRACONFRE"> </a></td><td>Número de inscrição no Conselho Regional de Estatística (CONRE)</td><td/></tr><tr><td style="white-space:nowrap">BRACRF<a name="BRTipoIdentificador-BRACRF"> </a></td><td>Número de inscrição no Conselho Regional de Farmácia (CRF)</td><td/></tr><tr><td style="white-space:nowrap">BRACREFITO<a name="BRTipoIdentificador-BRACREFITO"> </a></td><td>Número de inscrição no Conselho Regional de Fisioterapia e Terapia Ocupacional (CREFITO)</td><td/></tr><tr><td style="white-space:nowrap">BRACRMV<a name="BRTipoIdentificador-BRACRMV"> </a></td><td>Número de inscrição no Conselho Regional de Medicina Veterinária (CRMV)</td><td/></tr><tr><td style="white-space:nowrap">BRACRN<a name="BRTipoIdentificador-BRACRN"> </a></td><td>Número de inscrição no Conselho Regional de Nutrição (CRN)</td><td/></tr><tr><td style="white-space:nowrap">BRACONRERP<a name="BRTipoIdentificador-BRACONRERP"> </a></td><td>Número de inscrição no Conselho Regional de Reçações Públicas (CONRERP)</td><td/></tr><tr><td style="white-space:nowrap">BRACRP<a name="BRTipoIdentificador-BRACRP"> </a></td><td>Número de inscrição no Conselho Regional de Psicologia (CRP)</td><td/></tr><tr><td style="white-space:nowrap">BRACRQ<a name="BRTipoIdentificador-BRACRQ"> </a></td><td>Número de inscrição no Conselho Regional de Química (CRQ)</td><td/></tr><tr><td style="white-space:nowrap">BRACORE<a name="BRTipoIdentificador-BRACORE"> </a></td><td>Número de inscrição no Conselho Regional de Representantes Comerciais (CORE)</td><td/></tr><tr><td style="white-space:nowrap">BRACREF<a name="BRTipoIdentificador-BRACREF"> </a></td><td>Número de inscrição no Conselho Regional de Educação Física (CREF)</td><td/></tr><tr><td style="white-space:nowrap">BRACAU<a name="BRTipoIdentificador-BRACAU"> </a></td><td>Número de inscrição no Conselho Regional de Arquitetura e Urbanismo (CAU)</td><td/></tr><tr><td style="white-space:nowrap">BRACRBIO<a name="BRTipoIdentificador-BRACRBIO"> </a></td><td>Número de inscrição no Conselho Regional de Biologia (CRBio)</td><td/></tr><tr><td style="white-space:nowrap">BRACRBM<a name="BRTipoIdentificador-BRACRBM"> </a></td><td>Número da inscrição no Conselho Regional de Biomedicina (CRBM)</td><td/></tr><tr><td style="white-space:nowrap">BRACRFA<a name="BRTipoIdentificador-BRACRFA"> </a></td><td>Número da inscrição no Conselho Regional de Fonoaudiologia (CRFa/CREFONO)</td><td/></tr><tr><td style="white-space:nowrap">BRACRTR<a name="BRTipoIdentificador-BRACRTR"> </a></td><td>Número da inscrição no Conselho Regional de Técnicos em Radiologia (CRTR)</td><td/></tr><tr><td style="white-space:nowrap">BRACRT<a name="BRTipoIdentificador-BRACRT"> </a></td><td>Número da inscrição no Conselho Regional dos Técnicos Industriais (CRT)</td><td/></tr><tr><td style="white-space:nowrap">BRAOAB<a name="BRTipoIdentificador-BRAOAB"> </a></td><td>Número de inscrição na Ordem dos Advogados do BRAasil (OAB)</td><td/></tr><tr><td style="white-space:nowrap">BRAIDMIL<a name="BRTipoIdentificador-BRAIDMIL"> </a></td><td>Número da Identidade Militar</td><td/></tr><tr><td style="white-space:nowrap">BRAIDFUNC<a name="BRTipoIdentificador-BRAIDFUNC"> </a></td><td>Número da Identidade Funcional</td><td/></tr><tr><td style="white-space:nowrap">BRACNPJ<a name="BRTipoIdentificador-BRACNPJ"> </a></td><td>Número de inscrição no Cadastro Nacional da Pessoa Jurídica (CNPJ)</td><td/></tr></table></div></text><url value="http://www.saude.gov.br/fhir/r4/CodeSystem/BRTipoIdentificador"/><version value="0.1.0"/><name value="Tipo de Identificador"/><title value="Tipo de identificador"/><status value="active"/><experimental value="false"/><date value="2020-03-11T18:25:38.8137622+00:00"/><publisher value="Rede Nacional de Dados em Saúde"/><contact><name value="Rede Nacional de Dados em Saúde"/><telecom><system value="url"/><value value="https://github.com/kyriosdata"/></telecom><telecom><system value="email"/><value value="rnds@saude.gov.br"/></telecom></contact><description value="Classifica o tipo de indicador que está sendo utilizado."/><content value="complete"/><count value="28"/><property><code value="use"/><description value="Uso do Tipo do Identificador"/><type value="code"/></property><concept><code value="AUTH"/><display value="Código de Autorização"/><definition value="Identificador da permissão para a realização de um procedimento."/><property><code value="use"/><valueCode value="procedure"/></property></concept><concept><code value="BRACRA"/><display value="Número de inscrição no Conselho Regional de Administração (CRA)"/><property><code value="use"/><valueCode value="patient"/></property></concept><concept><code value="BRACRESS"/><display value="Número de inscrição no Conselho Regional de Serviço Social (CRESS)"/><property><code value="use"/><valueCode value="patient"/></property></concept><concept><code value="BRACRB"/><display value="Número de inscrição no Conselho Regional de Biblioteconomia (CRB)"/><property><code value="use"/><valueCode value="patient"/></property></concept><concept><code value="BRACRC"/><display value="Número de inscrição no Conselho Regional de Contabilidade (CRC)"/><property><code value="use"/><valueCode value="patient"/></property></concept><concept><code value="BRACRECI"/><display value="Número de inscrição no Conselho Regional de Corretores de Imóveis (CRECI)"/><property><code value="use"/><valueCode value="patient"/></property></concept><concept><code value="BRACORECON"/><display value="Número de inscrição no Conselho Regional de Economia (CORECON)"/><property><code value="use"/><valueCode value="patient"/></property></concept><concept><code value="BRACREA"/><display value="Número de inscrição no Conselho Regional de Engenharia e Agronomia (CREA)"/><property><code value="use"/><valueCode value="patient"/></property></concept><concept><code value="BRACONFRE"/><display value="Número de inscrição no Conselho Regional de Estatística (CONRE)"/><property><code value="use"/><valueCode value="patient"/></property></concept><concept><code value="BRACRF"/><display value="Número de inscrição no Conselho Regional de Farmácia (CRF)"/><property><code value="use"/><valueCode value="patient"/></property></concept><concept><code value="BRACREFITO"/><display value="Número de inscrição no Conselho Regional de Fisioterapia e Terapia Ocupacional (CREFITO)"/><property><code value="use"/><valueCode value="patient"/></property></concept><concept><code value="BRACRMV"/><display value="Número de inscrição no Conselho Regional de Medicina Veterinária (CRMV)"/><property><code value="use"/><valueCode value="patient"/></property></concept><concept><code value="BRACRN"/><display value="Número de inscrição no Conselho Regional de Nutrição (CRN)"/><property><code value="use"/><valueCode value="patient"/></property></concept><concept><code value="BRACONRERP"/><display value="Número de inscrição no Conselho Regional de Reçações Públicas (CONRERP)"/><property><code value="use"/><valueCode value="patient"/></property></concept><concept><code value="BRACRP"/><display value="Número de inscrição no Conselho Regional de Psicologia (CRP)"/><property><code value="use"/><valueCode value="patient"/></property></concept><concept><code value="BRACRQ"/><display value="Número de inscrição no Conselho Regional de Química (CRQ)"/><property><code value="use"/><valueCode value="patient"/></property></concept><concept><code value="BRACORE"/><display value="Número de inscrição no Conselho Regional de Representantes Comerciais (CORE)"/><property><code value="use"/><valueCode value="patient"/></property></concept><concept><code value="BRACREF"/><display value="Número de inscrição no Conselho Regional de Educação Física (CREF)"/><property><code value="use"/><valueCode value="patient"/></property></concept><concept><code value="BRACAU"/><display value="Número de inscrição no Conselho Regional de Arquitetura e Urbanismo (CAU)"/><property><code value="use"/><valueCode value="patient"/></property></concept><concept><code value="BRACRBIO"/><display value="Número de inscrição no Conselho Regional de Biologia (CRBio)"/><property><code value="use"/><valueCode value="patient"/></property></concept><concept><code value="BRACRBM"/><display value="Número da inscrição no Conselho Regional de Biomedicina (CRBM)"/><property><code value="use"/><valueCode value="patient"/></property></concept><concept><code value="BRACRFA"/><display value="Número da inscrição no Conselho Regional de Fonoaudiologia (CRFa/CREFONO)"/><property><code value="use"/><valueCode value="patient"/></property></concept><concept><code value="BRACRTR"/><display value="Número da inscrição no Conselho Regional de Técnicos em Radiologia (CRTR)"/><property><code value="use"/><valueCode value="patient"/></property></concept><concept><code value="BRACRT"/><display value="Número da inscrição no Conselho Regional dos Técnicos Industriais (CRT)"/><property><code value="use"/><valueCode value="patient"/></property></concept><concept><code value="BRAOAB"/><display value="Número de inscrição na Ordem dos Advogados do BRAasil (OAB)"/><property><code value="use"/><valueCode value="patient"/></property></concept><concept><code value="BRAIDMIL"/><display value="Número da Identidade Militar"/><property><code value="use"/><valueCode value="patient"/></property></concept><concept><code value="BRAIDFUNC"/><display value="Número da Identidade Funcional"/><property><code value="use"/><valueCode value="patient"/></property></concept><concept><code value="BRACNPJ"/><display value="Número de inscrição no Cadastro Nacional da Pessoa Jurídica (CNPJ)"/><property><code value="use"/><valueCode value="organization"/></property></concept></CodeSystem>