<?xml version="1.0" encoding="UTF-8"?><CodeSystem xmlns="http://hl7.org/fhir"><id value="BRProcedencia"/><meta><lastUpdated value="2020-04-17T11:46:11.153-03:00"/></meta><language value="pt-BR"/><text><status value="generated"/><div xmlns="http://www.w3.org/1999/xhtml" xml:lang="pt-BR" lang="pt-BR"><p>This code system http://www.saude.gov.br/fhir/r4/CodeSystem/BRProcedencia defines the following codes:</p><table class="codes"><tr><td style="white-space:nowrap"><b>Code</b></td><td><b>Display</b></td></tr><tr><td style="white-space:nowrap">09<a name="BRProcedencia-09"> </a></td><td>Demanda espontânea</td></tr><tr><td style="white-space:nowrap">10<a name="BRProcedencia-10"> </a></td><td>Ordem Judicial</td></tr><tr><td style="white-space:nowrap">11<a name="BRProcedencia-11"> </a></td><td>Retorno</td></tr><tr><td style="white-space:nowrap">12<a name="BRProcedencia-12"> </a></td><td>Demanda referenciada</td></tr><tr><td style="white-space:nowrap">99<a name="BRProcedencia-99"> </a></td><td>Informação ausente no modelo de origem</td></tr></table></div></text><url value="http://www.saude.gov.br/fhir/r4/CodeSystem/BRProcedencia"/><version value="0.1.0"/><name value="BRProcedencia"/><title value="Procedência"/><status value="active"/><experimental value="false"/><date value="2020-04-17T14:46:08.158574+00:00"/><publisher value="Rede Nacional de Dados em Saúde"/><contact><name value="Rede Nacional de Dados em Saúde"/><telecom><system value="url"/><value value="https://github.com/kyriosdata"/></telecom><telecom><system value="email"/><value value="rnds@saude.gov.br"/></telecom></contact><description value="Identifica o serviço que encaminhou o indivíduo ou a sua iniciativa/de seu responsável na busca pelo acesso ao serviço de saúde."/><content value="complete"/><count value="5"/><concept><code value="09"/><display value="Demanda espontânea"/></concept><concept><code value="10"/><display value="Ordem Judicial"/></concept><concept><code value="11"/><display value="Retorno"/></concept><concept><code value="12"/><display value="Demanda referenciada"/></concept><concept><code value="99"/><display value="Informação ausente no modelo de origem"/></concept></CodeSystem>