<?xml version="1.0" encoding="UTF-8"?><CodeSystem xmlns="http://hl7.org/fhir"><id value="BRTipoAmostraGAL"/><meta><lastUpdated value="2020-06-09T11:39:12.730-03:00"/></meta><language value="pt-BR"/><text><status value="generated"/><div xmlns="http://www.w3.org/1999/xhtml" xml:lang="pt-BR" lang="pt-BR"><p>This code system http://www.saude.gov.br/fhir/r4/CodeSystem/BRTipoAmostraGAL defines the following codes:</p><table class="codes"><tr><td style="white-space:nowrap"><b>Code</b></td><td><b>Display</b></td></tr><tr><td style="white-space:nowrap">SECONF<a name="BRTipoAmostraGAL-SECONF"> </a></td><td>Secreção Orofaríngea e Nasofaríngea</td></tr><tr><td style="white-space:nowrap">SNOF<a name="BRTipoAmostraGAL-SNOF"> </a></td><td>Swab Naso-Orofaríngeo</td></tr><tr><td style="white-space:nowrap">SWNAFA<a name="BRTipoAmostraGAL-SWNAFA"> </a></td><td>Swab Nasofaríngeo</td></tr><tr><td style="white-space:nowrap">SWAB<a name="BRTipoAmostraGAL-SWAB"> </a></td><td>Swab</td></tr><tr><td style="white-space:nowrap">SECNAS<a name="BRTipoAmostraGAL-SECNAS"> </a></td><td>Secreção Nasofaríngea</td></tr><tr><td style="white-space:nowrap">ASNAFA<a name="BRTipoAmostraGAL-ASNAFA"> </a></td><td>Aspirado Nasofaríngeo</td></tr><tr><td style="white-space:nowrap">SWORO<a name="BRTipoAmostraGAL-SWORO"> </a></td><td>Swab Orofaríngeo</td></tr><tr><td style="white-space:nowrap">SWNAS<a name="BRTipoAmostraGAL-SWNAS"> </a></td><td>Swab Nasal</td></tr><tr><td style="white-space:nowrap">SECORF<a name="BRTipoAmostraGAL-SECORF"> </a></td><td>Secreção Orofaríngea</td></tr><tr><td style="white-space:nowrap">LAVBRA<a name="BRTipoAmostraGAL-LAVBRA"> </a></td><td>Lavado Brônquico Alveolar</td></tr><tr><td style="white-space:nowrap">LAVBRO<a name="BRTipoAmostraGAL-LAVBRO"> </a></td><td>Lavado Brônquico</td></tr><tr><td style="white-space:nowrap">CORIZA<a name="BRTipoAmostraGAL-CORIZA"> </a></td><td>Coriza</td></tr><tr><td style="white-space:nowrap">EXSNAS<a name="BRTipoAmostraGAL-EXSNAS"> </a></td><td>Exsudato de Nasofaringe</td></tr><tr><td style="white-space:nowrap">ASPBRO<a name="BRTipoAmostraGAL-ASPBRO"> </a></td><td>Aspirado Brônquico</td></tr><tr><td style="white-space:nowrap">LAVTBR<a name="BRTipoAmostraGAL-LAVTBR"> </a></td><td>Lavado Traqueo-Brônquico</td></tr><tr><td style="white-space:nowrap">SECTRA<a name="BRTipoAmostraGAL-SECTRA"> </a></td><td>Secreção Traqueal</td></tr><tr><td style="white-space:nowrap">EXSORO<a name="BRTipoAmostraGAL-EXSORO"> </a></td><td>Exsudato de Orofaringe</td></tr><tr><td style="white-space:nowrap">FGMP<a name="BRTipoAmostraGAL-FGMP"> </a></td><td>Fragmentos do pulmão</td></tr><tr><td style="white-space:nowrap">FGMT<a name="BRTipoAmostraGAL-FGMT"> </a></td><td>Fragmento</td></tr><tr><td style="white-space:nowrap">FLUORA<a name="BRTipoAmostraGAL-FLUORA"> </a></td><td>Fluido oral</td></tr><tr><td style="white-space:nowrap">FRAAMI<a name="BRTipoAmostraGAL-FRAAMI"> </a></td><td>Fragmentos de ampigdalas</td></tr><tr><td style="white-space:nowrap">FRABAC<a name="BRTipoAmostraGAL-FRABAC"> </a></td><td>Fragmentos de baço</td></tr><tr><td style="white-space:nowrap">FRACOR<a name="BRTipoAmostraGAL-FRACOR"> </a></td><td>Fragmentos de coração</td></tr><tr><td style="white-space:nowrap">FRAFIG<a name="BRTipoAmostraGAL-FRAFIG"> </a></td><td>Fragmentos de fígado</td></tr><tr><td style="white-space:nowrap">FRAGT<a name="BRTipoAmostraGAL-FRAGT"> </a></td><td>Fragmento de tecido</td></tr><tr><td style="white-space:nowrap">FRAMOR<a name="BRTipoAmostraGAL-FRAMOR"> </a></td><td>Fragmentos de múltiplos órgãos</td></tr><tr><td style="white-space:nowrap">FRAPAN<a name="BRTipoAmostraGAL-FRAPAN"> </a></td><td>Fragmentos de pâncreas</td></tr><tr><td style="white-space:nowrap">FRARIM<a name="BRTipoAmostraGAL-FRARIM"> </a></td><td>Fragmentos de rim</td></tr><tr><td style="white-space:nowrap">FRATRA<a name="BRTipoAmostraGAL-FRATRA"> </a></td><td>Fragmentos de traquéia</td></tr><tr><td style="white-space:nowrap">FRBRON<a name="BRTipoAmostraGAL-FRBRON"> </a></td><td>Fragmentos de brônquio</td></tr><tr><td style="white-space:nowrap">INFP<a name="BRTipoAmostraGAL-INFP"> </a></td><td>Infiltrado pulmonar</td></tr><tr><td style="white-space:nowrap">INODER<a name="BRTipoAmostraGAL-INODER"> </a></td><td>Inoculação intradérmica</td></tr><tr><td style="white-space:nowrap">LAVORO<a name="BRTipoAmostraGAL-LAVORO"> </a></td><td>Lavado de orofaringe</td></tr><tr><td style="white-space:nowrap">MTBIO<a name="BRTipoAmostraGAL-MTBIO"> </a></td><td>Material Não Biológico</td></tr><tr><td style="white-space:nowrap">SECBRO<a name="BRTipoAmostraGAL-SECBRO"> </a></td><td>Secreção brônquica</td></tr><tr><td style="white-space:nowrap">SECOC<a name="BRTipoAmostraGAL-SECOC"> </a></td><td>Secreção ocular</td></tr><tr><td style="white-space:nowrap">SECPEN<a name="BRTipoAmostraGAL-SECPEN"> </a></td><td>Secreção peniana</td></tr><tr><td style="white-space:nowrap">SGEDT<a name="BRTipoAmostraGAL-SGEDT"> </a></td><td>Sangue com EDTA</td></tr><tr><td style="white-space:nowrap">SGHEM<a name="BRTipoAmostraGAL-SGHEM"> </a></td><td>Sangue</td></tr><tr><td style="white-space:nowrap">SNCCEB<a name="BRTipoAmostraGAL-SNCCEB"> </a></td><td>Fragmento do tecido do SNC - cérebro</td></tr><tr><td style="white-space:nowrap">SWBAN<a name="BRTipoAmostraGAL-SWBAN"> </a></td><td>Swab Anal</td></tr><tr><td style="white-space:nowrap">SWOCU<a name="BRTipoAmostraGAL-SWOCU"> </a></td><td>Swab Ocular</td></tr><tr><td style="white-space:nowrap">SWRET<a name="BRTipoAmostraGAL-SWRET"> </a></td><td>Swab retal</td></tr><tr><td style="white-space:nowrap">TECPM<a name="BRTipoAmostraGAL-TECPM"> </a></td><td>Tecido pós-mortem</td></tr></table></div></text><url value="http://www.saude.gov.br/fhir/r4/CodeSystem/BRTipoAmostraGAL"/><version value="0.1.0"/><name value="Tipo de Amostra Biológica"/><title value="Tipo de amostra biológica (GAL)"/><status value="active"/><experimental value="false"/><date value="2020-06-09T14:39:37.7113823+00:00"/><publisher value="Rede Nacional de Dados em Saúde"/><contact><name value="Rede Nacional de Dados em Saúde"/><telecom><system value="url"/><value value="https://github.com/kyriosdata"/></telecom><telecom><system value="email"/><value value="rnds@saude.gov.br"/></telecom></contact><description value="Classifica o tipo de amostra biológica utilizada em exames de acordo com a terminologia Gerenciador de Ambiente Laboratorial (GAL)."/><content value="complete"/><count value="44"/><concept><code value="SECONF"/><display value="Secreção Orofaríngea e Nasofaríngea"/></concept><concept><code value="SNOF"/><display value="Swab Naso-Orofaríngeo"/></concept><concept><code value="SWNAFA"/><display value="Swab Nasofaríngeo"/></concept><concept><code value="SWAB"/><display value="Swab"/></concept><concept><code value="SECNAS"/><display value="Secreção Nasofaríngea"/></concept><concept><code value="ASNAFA"/><display value="Aspirado Nasofaríngeo"/></concept><concept><code value="SWORO"/><display value="Swab Orofaríngeo"/></concept><concept><code value="SWNAS"/><display value="Swab Nasal"/></concept><concept><code value="SECORF"/><display value="Secreção Orofaríngea"/></concept><concept><code value="LAVBRA"/><display value="Lavado Brônquico Alveolar"/></concept><concept><code value="LAVBRO"/><display value="Lavado Brônquico"/></concept><concept><code value="CORIZA"/><display value="Coriza"/></concept><concept><code value="EXSNAS"/><display value="Exsudato de Nasofaringe"/></concept><concept><code value="ASPBRO"/><display value="Aspirado Brônquico"/></concept><concept><code value="LAVTBR"/><display value="Lavado Traqueo-Brônquico"/></concept><concept><code value="SECTRA"/><display value="Secreção Traqueal"/></concept><concept><code value="EXSORO"/><display value="Exsudato de Orofaringe"/></concept><concept><code value="FGMP"/><display value="Fragmentos do pulmão"/></concept><concept><code value="FGMT"/><display value="Fragmento"/></concept><concept><code value="FLUORA"/><display value="Fluido oral"/></concept><concept><code value="FRAAMI"/><display value="Fragmentos de ampigdalas"/></concept><concept><code value="FRABAC"/><display value="Fragmentos de baço"/></concept><concept><code value="FRACOR"/><display value="Fragmentos de coração"/></concept><concept><code value="FRAFIG"/><display value="Fragmentos de fígado"/></concept><concept><code value="FRAGT"/><display value="Fragmento de tecido"/></concept><concept><code value="FRAMOR"/><display value="Fragmentos de múltiplos órgãos"/></concept><concept><code value="FRAPAN"/><display value="Fragmentos de pâncreas"/></concept><concept><code value="FRARIM"/><display value="Fragmentos de rim"/></concept><concept><code value="FRATRA"/><display value="Fragmentos de traquéia"/></concept><concept><code value="FRBRON"/><display value="Fragmentos de brônquio"/></concept><concept><code value="INFP"/><display value="Infiltrado pulmonar"/></concept><concept><code value="INODER"/><display value="Inoculação intradérmica"/></concept><concept><code value="LAVORO"/><display value="Lavado de orofaringe"/></concept><concept><code value="MTBIO"/><display value="Material Não Biológico"/></concept><concept><code value="SECBRO"/><display value="Secreção brônquica"/></concept><concept><code value="SECOC"/><display value="Secreção ocular"/></concept><concept><code value="SECPEN"/><display value="Secreção peniana"/></concept><concept><code value="SGEDT"/><display value="Sangue com EDTA"/></concept><concept><code value="SGHEM"/><display value="Sangue"/></concept><concept><code value="SNCCEB"/><display value="Fragmento do tecido do SNC - cérebro"/></concept><concept><code value="SWBAN"/><display value="Swab Anal"/></concept><concept><code value="SWOCU"/><display value="Swab Ocular"/></concept><concept><code value="SWRET"/><display value="Swab retal"/></concept><concept><code value="TECPM"/><display value="Tecido pós-mortem"/></concept></CodeSystem>