<?xml version="1.0" encoding="UTF-8"?><CodeSystem xmlns="http://hl7.org/fhir"><id value="BRTipoLogradouro"/><meta><lastUpdated value="2020-04-02T10:03:21.687-03:00"/></meta><language value="pt-BR"/><text><status value="generated"/><div xmlns="http://www.w3.org/1999/xhtml" xml:lang="pt-BR" lang="pt-BR"><p>This code system http://www.saude.gov.br/fhir/r4/CodeSystem/BRTipoLogradouro defines the following codes:</p><table class="codes"><tr><td style="white-space:nowrap"><b>Code</b></td><td><b>Display</b></td></tr><tr><td style="white-space:nowrap">008<a name="BRTipoLogradouro-008"> </a></td><td>Avenida</td></tr><tr><td style="white-space:nowrap">081<a name="BRTipoLogradouro-081"> </a></td><td>Rua</td></tr></table></div></text><url value="http://www.saude.gov.br/fhir/r4/CodeSystem/BRTipoLogradouro"/><version value="0.1.0"/><name value="Tipo de Logradouro"/><title value="Tipo de logradouro"/><status value="active"/><experimental value="false"/><date value="2020-04-02T13:03:18.6480245+00:00"/><publisher value="Rede Nacional de Dados em Saúde"/><contact><name value="Rede Nacional de Dados em Saúde"/><telecom><system value="url"/><value value="https://github.com/kyriosdata"/></telecom><telecom><system value="email"/><value value="rnds@saude.gov.br"/></telecom></contact><description value="Classificação os tipos de logradouros existentes para uso em endereços estruturados."/><content value="complete"/><count value="2"/><concept><code value="008"/><display value="Avenida"/></concept><concept><code value="081"/><display value="Rua"/></concept></CodeSystem>