<?xml version="1.0" encoding="UTF-8"?><CodeSystem xmlns="http://hl7.org/fhir"><id value="BRTipoDocumento"/><meta><lastUpdated value="2020-03-26T10:19:48.112-03:00"/></meta><language value="pt-BR"/><text><status value="generated"/><div xmlns="http://www.w3.org/1999/xhtml" xml:lang="pt-BR" lang="pt-BR"><p>This code system http://www.saude.gov.br/fhir/r4/CodeSystem/BRTipoDocumento defines the following codes:</p><table class="codes"><tr><td style="white-space:nowrap"><b>Code</b></td><td><b>Display</b></td><td><b>Definition</b></td></tr><tr><td style="white-space:nowrap">CMD<a name="BRTipoDocumento-CMD"> </a></td><td>Conjunto Mínimo de Dados</td><td>Documento público que coleta os dados mínimos dos atendimentos em saúde realizados em qualquer estabelecimento de saúde do país, público ou privado, em cada contato assistencial.</td></tr><tr><td style="white-space:nowrap">SA<a name="BRTipoDocumento-SA"> </a></td><td>Sumário de Alta</td><td>Relato clínico objetivo sobre as intervenções realizadas, as instruções para continuidade do cuidado pós-alta e o estado de saúde do indivíduo ao final de sua permanência na internação em estabelecimentos de saúde como: hospital, clínica, hospital-dia, internação domiciliar e urgência.</td></tr><tr><td style="white-space:nowrap">RAC<a name="BRTipoDocumento-RAC"> </a></td><td>Registro de Atendimento Clínico</td><td>Registro de dados essenciais de uma consulta realizada a um indivíduo no âmbito da atenção básica, especializada ou domiciliar (atendimento diário).</td></tr><tr><td style="white-space:nowrap">RIA<a name="BRTipoDocumento-RIA"> </a></td><td>Registro de Imunobiológico Administrado</td><td/></tr><tr><td style="white-space:nowrap">RDM<a name="BRTipoDocumento-RDM"> </a></td><td>Registro de Dispensação de Medicamento</td><td/></tr><tr><td style="white-space:nowrap">REL<a name="BRTipoDocumento-REL"> </a></td><td>Resultado de Exame(s) Laboratoriais(s)</td><td/></tr></table></div></text><url value="http://www.saude.gov.br/fhir/r4/CodeSystem/BRTipoDocumento"/><version value="0.1.0"/><name value="Tipo de Documento"/><title value="Tipo de documento"/><status value="active"/><experimental value="false"/><date value="2020-03-26T13:19:46.9743559+00:00"/><publisher value="Rede Nacional de Dados em Saúde"/><contact><name value="Rede Nacional de Dados em Saúde"/><telecom><system value="url"/><value value="https://github.com/kyriosdata"/></telecom><telecom><system value="email"/><value value="rnds@saude.gov.br"/></telecom></contact><description value="Classificação dos tipos de documentos compartilhados no Brasil."/><content value="complete"/><count value="6"/><concept><code value="CMD"/><display value="Conjunto Mínimo de Dados"/><definition value="Documento público que coleta os dados mínimos dos atendimentos em saúde realizados em qualquer estabelecimento de saúde do país, público ou privado, em cada contato assistencial."/></concept><concept><code value="SA"/><display value="Sumário de Alta"/><definition value="Relato clínico objetivo sobre as intervenções realizadas, as instruções para continuidade do cuidado pós-alta e o estado de saúde do indivíduo ao final de sua permanência na internação em estabelecimentos de saúde como: hospital, clínica, hospital-dia, internação domiciliar e urgência."/></concept><concept><code value="RAC"/><display value="Registro de Atendimento Clínico"/><definition value="Registro de dados essenciais de uma consulta realizada a um indivíduo no âmbito da atenção básica, especializada ou domiciliar (atendimento diário)."/></concept><concept><code value="RIA"/><display value="Registro de Imunobiológico Administrado"/></concept><concept><code value="RDM"/><display value="Registro de Dispensação de Medicamento"/></concept><concept><code value="REL"/><display value="Resultado de Exame(s) Laboratoriais(s)"/></concept></CodeSystem>