<?xml version="1.0" encoding="UTF-8"?><CodeSystem xmlns="http://hl7.org/fhir"><id value="BRJustificativaIndividuoNaoIdentificado"/><meta><lastUpdated value="2020-03-11T15:15:05.557-03:00"/></meta><language value="pt-BR"/><text><status value="generated"/><div xmlns="http://www.w3.org/1999/xhtml" xml:lang="pt-BR" lang="pt-BR"><p>This code system http://www.saude.gov.br/fhir/r4/CodeSystem/BRJustificativaIndividuoNaoIdentificado defines the following codes:</p><table class="codes"><tr><td style="white-space:nowrap"><b>Code</b></td><td><b>Display</b></td></tr><tr><td style="white-space:nowrap">01<a name="BRJustificativaIndividuoNaoIdentificado-01"> </a></td><td>Indivíduo acidentado grave</td></tr><tr><td style="white-space:nowrap">02<a name="BRJustificativaIndividuoNaoIdentificado-02"> </a></td><td>Indivíduo em sofrimento mental encontrado em via pública</td></tr><tr><td style="white-space:nowrap">03<a name="BRJustificativaIndividuoNaoIdentificado-03"> </a></td><td>Indivíduo com problema neurológico grave ou comatoso</td></tr><tr><td style="white-space:nowrap">04<a name="BRJustificativaIndividuoNaoIdentificado-04"> </a></td><td>Indivíduo incapacitado por motivos sociais e/ou culturais</td></tr><tr><td style="white-space:nowrap">05<a name="BRJustificativaIndividuoNaoIdentificado-05"> </a></td><td>Indivíduo doador de órgãos falecido</td></tr></table></div></text><url value="http://www.saude.gov.br/fhir/r4/CodeSystem/BRJustificativaIndividuoNaoIdentificado"/><version value="0.1.0"/><name value="Justificativa da Impossibilidade de Identificação do Indivíduo"/><title value="Justificativa para não identificação de indivíduo"/><status value="active"/><experimental value="false"/><date value="2020-03-11T18:15:25.4061393+00:00"/><publisher value="Rede Nacional de Dados em Saúde"/><contact><name value="Rede Nacional de Dados em Saúde"/><telecom><system value="url"/><value value="https://github.com/kyriosdata"/></telecom><telecom><system value="email"/><value value="rnds@saude.gov.br"/></telecom></contact><description value="Classifica as razões pelo qual não foi possível obter os dados de identificação do indivíduo em um contato assistencial. (Port. nº 84/SAS/MS/1997 e Port. nº02/SAS/SGEP/MS/2012)"/><content value="complete"/><count value="5"/><concept><code value="01"/><display value="Indivíduo acidentado grave"/></concept><concept><code value="02"/><display value="Indivíduo em sofrimento mental encontrado em via pública"/></concept><concept><code value="03"/><display value="Indivíduo com problema neurológico grave ou comatoso"/></concept><concept><code value="04"/><display value="Indivíduo incapacitado por motivos sociais e/ou culturais"/></concept><concept><code value="05"/><display value="Indivíduo doador de órgãos falecido"/></concept></CodeSystem>