<?xml version="1.0" encoding="UTF-8"?><ValueSet xmlns="http://hl7.org/fhir"><id value="BRCBO-1.0"/><meta><lastUpdated value="2020-04-07T17:51:20.256-03:00"/></meta><language value="pt-BR"/><text><status value="generated"/><div xmlns="http://www.w3.org/1999/xhtml" xml:lang="pt-BR" lang="pt-BR"><ul><li>Include all codes defined in <a href="CodeSystem-BRCBO.html"><code>http://www.saude.gov.br/fhir/r4/CodeSystem/BRCBO</code></a></li></ul></div></text><url value="http://www.saude.gov.br/fhir/r4/ValueSet/BRCBO-1.0"/><version value="0.1.0"/><name value="BRCBO"/><title value="Classificação Brasileira de Ocupações"/><status value="active"/><experimental value="false"/><date value="2020-04-07T20:51:17.5349531+00:00"/><publisher value="Rede Nacional de Dados em Saúde"/><contact><name value="Rede Nacional de Dados em Saúde"/><telecom><system value="url"/><value value="https://github.com/kyriosdata"/></telecom><telecom><system value="email"/><value value="rnds@saude.gov.br"/></telecom></contact><description value="Classifica as ocupações no mercado brasileiro"/><immutable value="false"/><compose><include><system value="http://www.saude.gov.br/fhir/r4/CodeSystem/BRCBO"/><version value="*"/></include></compose></ValueSet>