<?xml version="1.0" encoding="UTF-8"?><ValueSet xmlns="http://hl7.org/fhir"><id value="BRCIAP2-1.0"/><meta><lastUpdated value="2020-03-11T15:43:23.180-03:00"/></meta><language value="pt-BR"/><text><status value="generated"/><div xmlns="http://www.w3.org/1999/xhtml" xml:lang="pt-BR" lang="pt-BR"><ul><li>Include all codes defined in <a href="CodeSystem-BRCIAP2.html"><code>http://www.saude.gov.br/fhir/r4/CodeSystem/BRCIAP2</code></a></li></ul></div></text><url value="http://www.saude.gov.br/fhir/r4/ValueSet/BRCIAP2-1.0"/><version value="0.1.0"/><name value="BRCIAP2"/><title value="Classificação Internacional de Atenção Primária - Segunda Edição - CIAP2"/><status value="active"/><experimental value="false"/><date value="2020-03-11T18:43:43.0294815+00:00"/><publisher value="Rede Nacional de Dados em Saúde"/><contact><name value="Rede Nacional de Dados em Saúde"/><telecom><system value="url"/><value value="https://github.com/kyriosdata"/></telecom><telecom><system value="email"/><value value="rnds@saude.gov.br"/></telecom></contact><description value="Classifica os problemas identificados no contato assistencial pelos profissionais de saúde, os motivos da contato assistencial e as respostas propostas pela equipe seguindo a sistematização SOA."/><immutable value="false"/><compose><include><system value="http://www.saude.gov.br/fhir/r4/CodeSystem/BRCIAP2"/><version value="*"/></include></compose></ValueSet>