<?xml version="1.0" encoding="UTF-8"?><ValueSet xmlns="http://hl7.org/fhir"><id value="BRModalidadeAssistencial-1.0"/><meta><lastUpdated value="2020-03-12T10:17:22.715-03:00"/></meta><language value="pt-BR"/><text><status value="generated"/><div xmlns="http://www.w3.org/1999/xhtml" xml:lang="pt-BR" lang="pt-BR"><ul><li>Include all codes defined in <a href="CodeSystem-BRModalidadeAssistencial.html"><code>http://www.saude.gov.br/fhir/r4/CodeSystem/BRModalidadeAssistencial</code></a></li></ul></div></text><url value="http://www.saude.gov.br/fhir/r4/ValueSet/BRModalidadeAssistencial-1.0"/><version value="0.1.0"/><name value="BRModalidadeAssistencial"/><title value="Modalidade Assistencial"/><status value="active"/><experimental value="false"/><date value="2020-03-12T13:17:18.5012669+00:00"/><publisher value="Rede Nacional de Dados em Saúde"/><contact><name value="Rede Nacional de Dados em Saúde"/><telecom><system value="url"/><value value="https://github.com/kyriosdata"/></telecom><telecom><system value="email"/><value value="rnds@saude.gov.br"/></telecom></contact><description value="Classificação dos documentos e contatos assistenciais de acordo com as especificidades do modo, local e duração do atendimento."/><immutable value="false"/><compose><include><system value="http://www.saude.gov.br/fhir/r4/CodeSystem/BRModalidadeAssistencial"/><version value="*"/></include></compose></ValueSet>