<?xml version="1.0" encoding="UTF-8"?><ValueSet xmlns="http://hl7.org/fhir"><id value="BREstadoCivil-1.0"/><meta><lastUpdated value="2020-03-11T16:16:23.525-03:00"/></meta><language value="pt-BR"/><text><status value="generated"/><div xmlns="http://www.w3.org/1999/xhtml" xml:lang="pt-BR" lang="pt-BR"><ul><li>Include these codes as defined in <code>http://hl7.org/fhir/ValueSet/marital-status</code><table class="none"><tr><td style="white-space:nowrap"><b>Code</b></td><td><b>Display</b></td></tr><tr><td>U</td><td>Solteiro(a)</td></tr><tr><td>M</td><td>Casado(a)</td></tr><tr><td>L</td><td>Divorciado(a)</td></tr><tr><td>D</td><td>Separado(a)</td></tr><tr><td>W</td><td>Viuvo(a)</td></tr><tr><td>T</td><td>Em união estável</td></tr></table></li></ul></div></text><url value="http://www.saude.gov.br/fhir/r4/ValueSet/BREstadoCivil-1.0"/><version value="0.1.0"/><name value="BREstadoCivil"/><title value="Estado Civil"/><status value="active"/><experimental value="false"/><date value="2020-03-11T19:16:44.0248651+00:00"/><publisher value="Rede Nacional de Dados em Saúde"/><contact><name value="Rede Nacional de Dados em Saúde"/><telecom><system value="url"/><value value="https://github.com/kyriosdata"/></telecom><telecom><system value="email"/><value value="rnds@saude.gov.br"/></telecom></contact><description value="Complexo das qualidades de um indivíudo referentes à ordem pública, à ordem privada e à ordem física do ser humano. Refere-se, assim, à cidadania, à família, e à capacidade civil."/><immutable value="false"/><compose><include><system value="http://hl7.org/fhir/ValueSet/marital-status"/><concept><code value="U"/><display value="Solteiro(a)"/></concept><concept><code value="M"/><display value="Casado(a)"/></concept><concept><code value="L"/><display value="Divorciado(a)"/></concept><concept><code value="D"/><display value="Separado(a)"/></concept><concept><code value="W"/><display value="Viuvo(a)"/></concept><concept><code value="T"/><display value="Em união estável"/></concept></include></compose></ValueSet>