<?xml version="1.0" encoding="UTF-8"?><ValueSet xmlns="http://hl7.org/fhir"><id value="BRTipoObservacao-1.0"/><meta><lastUpdated value="2020-03-12T11:50:59.848-03:00"/></meta><language value="pt-BR"/><text><status value="generated"/><div xmlns="http://www.w3.org/1999/xhtml" xml:lang="pt-BR" lang="pt-BR"><p>This value set includes codes based on the following rules:</p><ul><li>Include all codes defined in <a href="CodeSystem-BRTipoObservacao.html"><code>http://www.saude.gov.br/fhir/r4/CodeSystem/BRTipoObservacao</code></a></li><li>Include these codes as defined in <a href="CodeSystem-BRTabelaSUS.html"><code>http://www.saude.gov.br/fhir/r4/CodeSystem/BRTabelaSUS</code></a><table class="none"><tr><td style="white-space:nowrap"><b>Code</b></td><td><b>Display</b></td></tr><tr><td><a href="CodeSystem-BRTabelaSUS.html#BRTabelaSUS-0301100039">0301100039</a></td><td>AFERIÇÃO DE PRESSÃO ARTERIAL</td></tr></table></li></ul></div></text><url value="http://www.saude.gov.br/fhir/r4/ValueSet/BRTipoObservacao-1.0"/><version value="0.1.0"/><name value="BRTipoObservacao"/><title value="Tipo de Observação"/><status value="active"/><experimental value="false"/><date value="2020-03-12T14:50:59.5025981+00:00"/><publisher value="Rede Nacional de Dados em Saúde"/><contact><name value="Rede Nacional de Dados em Saúde"/><telecom><system value="url"/><value value="https://github.com/kyriosdata"/></telecom><telecom><system value="email"/><value value="rnds@saude.gov.br"/></telecom></contact><description value="Tipo de Observação."/><immutable value="false"/><compose><include><system value="http://www.saude.gov.br/fhir/r4/CodeSystem/BRTipoObservacao"/><version value="*"/></include><include><system value="http://www.saude.gov.br/fhir/r4/CodeSystem/BRTabelaSUS"/><concept><code value="0301100039"/></concept></include></compose></ValueSet>