<?xml version="1.0" encoding="UTF-8"?><ValueSet xmlns="http://hl7.org/fhir"><id value="BRMedicamento-1.0"/><meta><lastUpdated value="2020-03-12T10:12:20.225-03:00"/></meta><language value="pt-BR"/><text><status value="generated"/><div xmlns="http://www.w3.org/1999/xhtml" xml:lang="pt-BR" lang="pt-BR"><ul><li>Include all codes defined in <a href="CodeSystem-BRMedicamento.html"><code>http://www.saude.gov.br/fhir/r4/CodeSystem/BRMedicamento</code></a></li></ul></div></text><url value="http://www.saude.gov.br/fhir/r4/ValueSet/BRMedicamento-1.0"/><version value="0.1.0"/><name value="BRMedicamento"/><title value="Medicamento"/><status value="active"/><experimental value="false"/><date value="2020-03-12T13:12:19.2820426+00:00"/><publisher value="Rede Nacional de Dados em Saúde"/><contact><name value="Rede Nacional de Dados em Saúde"/><telecom><system value="url"/><value value="https://github.com/kyriosdata"/></telecom><telecom><system value="email"/><value value="rnds@saude.gov.br"/></telecom></contact><description value="Identifica um medicamento."/><immutable value="false"/><compose><include><system value="http://www.saude.gov.br/fhir/r4/CodeSystem/BRMedicamento"/><version value="*"/></include></compose></ValueSet>