<?xml version="1.0" encoding="UTF-8"?><ValueSet xmlns="http://hl7.org/fhir"><id value="BRNomeExame-1.0"/><meta><lastUpdated value="2020-03-26T10:20:24.501-03:00"/></meta><language value="pt-BR"/><text><status value="generated"/><div xmlns="http://www.w3.org/1999/xhtml" xml:lang="pt-BR" lang="pt-BR"><p>This value set includes codes based on the following rules:</p><ul><li>Include all codes defined in <a href="CodeSystem-BRNomeExameLOINC.html"><code>http://www.saude.gov.br/fhir/r4/CodeSystem/BRNomeExameLOINC</code></a></li><li>Include all codes defined in <a href="CodeSystem-BRNomeExameGAL.html"><code>http://www.saude.gov.br/fhir/r4/CodeSystem/BRNomeExameGAL</code></a></li></ul></div></text><url value="http://www.saude.gov.br/fhir/r4/ValueSet/BRNomeExame-1.0"/><version value="0.1.0"/><name value="BRNomeExame"/><title value="Nome do Exame"/><status value="active"/><experimental value="false"/><date value="2020-03-26T13:20:23.3537413+00:00"/><publisher value="Rede Nacional de Dados em Saúde"/><contact><name value="Rede Nacional de Dados em Saúde"/><telecom><system value="url"/><value value="https://github.com/kyriosdata"/></telecom><telecom><system value="email"/><value value="rnds@saude.gov.br"/></telecom></contact><description value="Classifica o exame laboratorial realizado."/><immutable value="false"/><compose><include><system value="http://www.saude.gov.br/fhir/r4/CodeSystem/BRNomeExameLOINC"/><version value="*"/></include><include><system value="http://www.saude.gov.br/fhir/r4/CodeSystem/BRNomeExameGAL"/><version value="*"/></include></compose></ValueSet>