<?xml version="1.0" encoding="UTF-8"?><ValueSet xmlns="http://hl7.org/fhir"><id value="BRCID10-1.0"/><meta><lastUpdated value="2020-03-11T16:14:51.806-03:00"/></meta><language value="pt-BR"/><text><status value="generated"/><div xmlns="http://www.w3.org/1999/xhtml" xml:lang="pt-BR" lang="pt-BR"><ul><li>Include all codes defined in <a href="CodeSystem-BRCID10.html"><code>http://www.saude.gov.br/fhir/r4/CodeSystem/BRCID10</code></a></li></ul></div></text><url value="http://www.saude.gov.br/fhir/r4/ValueSet/BRCID10-1.0"/><version value="0.1.0"/><name value="BRCID10"/><title value="Classificação Internacional de Doenças - Décima Revisão - CID-10"/><status value="active"/><experimental value="false"/><date value="2020-03-11T19:15:12.2909517+00:00"/><publisher value="Rede Nacional de Dados em Saúde"/><contact><name value="Rede Nacional de Dados em Saúde"/><telecom><system value="url"/><value value="https://github.com/kyriosdata"/></telecom><telecom><system value="email"/><value value="rnds@saude.gov.br"/></telecom></contact><description value="Classificação Internacional de Doenças - Décima Revisão - CID-10"/><immutable value="false"/><compose><include><system value="http://www.saude.gov.br/fhir/r4/CodeSystem/BRCID10"/><version value="*"/></include></compose></ValueSet>