<?xml version="1.0" encoding="UTF-8"?><ValueSet xmlns="http://hl7.org/fhir"><id value="BRProcedimentosNacionais-1.0"/><meta><lastUpdated value="2020-04-07T15:23:28.563-03:00"/></meta><language value="pt-BR"/><text><status value="generated"/><div xmlns="http://www.w3.org/1999/xhtml" xml:lang="pt-BR" lang="pt-BR"><p>This value set includes codes based on the following rules:</p><ul><li>Include all codes defined in <a href="CodeSystem-BRCBHPMTUSS.html"><code>http://www.saude.gov.br/fhir/r4/CodeSystem/BRCBHPMTUSS</code></a></li><li>Include all codes defined in <a href="CodeSystem-BRTabelaSUS.html"><code>http://www.saude.gov.br/fhir/r4/CodeSystem/BRTabelaSUS</code></a></li></ul></div></text><url value="http://www.saude.gov.br/fhir/r4/ValueSet/BRProcedimentosNacionais-1.0"/><version value="0.1.0"/><name value="BRProcedimentosNacionais"/><title value="Procedimento realizado"/><status value="active"/><experimental value="false"/><date value="2020-04-07T18:23:26.5540616+00:00"/><publisher value="Rede Nacional de Dados em Saúde"/><contact><name value="Rede Nacional de Dados em Saúde"/><telecom><system value="url"/><value value="https://github.com/kyriosdata"/></telecom><telecom><system value="email"/><value value="rnds@saude.gov.br"/></telecom></contact><description value="Value Set das classificações brasileiras para procedimentos adotadas em contexto nacional."/><immutable value="false"/><compose><include><system value="http://www.saude.gov.br/fhir/r4/CodeSystem/BRCBHPMTUSS"/><version value="*"/></include><include><system value="http://www.saude.gov.br/fhir/r4/CodeSystem/BRTabelaSUS"/><version value="*"/></include></compose></ValueSet>