<?xml version="1.0" encoding="UTF-8"?><ValueSet xmlns="http://hl7.org/fhir"><id value="BRTipoIdentificadorProcedimento-1.0"/><meta><lastUpdated value="2020-03-12T11:50:37.306-03:00"/></meta><language value="pt-BR"/><text><status value="extensions"/><div xmlns="http://www.w3.org/1999/xhtml" xml:lang="pt-BR" lang="pt-BR"><ul><li>Include these codes as defined in <a href="CodeSystem-BRTipoIdentificador.html"><code>http://www.saude.gov.br/fhir/r4/CodeSystem/BRTipoIdentificador</code></a><table class="none"><tr><td style="white-space:nowrap"><b>Code</b></td><td><b>Display</b></td><td><b>Definition</b></td></tr><tr><td><a href="CodeSystem-BRTipoIdentificador.html#BRTipoIdentificador-AUTH">AUTH</a></td><td>Código de Autorização</td><td>Identificador da permissão para a realização de um procedimento.</td></tr></table></li></ul></div></text><url value="http://www.saude.gov.br/fhir/r4/ValueSet/BRTipoIdentificadorProcedimento-1.0"/><version value="0.1.0"/><name value="BRTipoIdentificadorProcedimento"/><title value="Tipo de Identificador do Procedimento"/><status value="active"/><experimental value="false"/><date value="2020-03-12T14:50:35.0809802+00:00"/><publisher value="Rede Nacional de Dados em Saúde"/><contact><name value="Rede Nacional de Dados em Saúde"/><telecom><system value="url"/><value value="https://github.com/kyriosdata"/></telecom><telecom><system value="email"/><value value="rnds@saude.gov.br"/></telecom></contact><description value="Classifica o tipo de identificador que está sendo utilizado para o procedimento."/><immutable value="false"/><compose><include><system value="http://www.saude.gov.br/fhir/r4/CodeSystem/BRTipoIdentificador"/><concept><code value="AUTH"/></concept></include></compose></ValueSet>