<?xml version="1.0" encoding="UTF-8"?><ValueSet xmlns="http://hl7.org/fhir"><id value="BRNaturezaJuridica-1.0"/><meta><lastUpdated value="2020-03-12T10:22:15.965-03:00"/></meta><language value="pt-BR"/><text><status value="generated"/><div xmlns="http://www.w3.org/1999/xhtml" xml:lang="pt-BR" lang="pt-BR"><ul><li>Include all codes defined in <a href="CodeSystem-BRNaturezaJuridica.html"><code>http://www.saude.gov.br/fhir/r4/CodeSystem/BRNaturezaJuridica</code></a></li></ul></div></text><url value="http://www.saude.gov.br/fhir/r4/ValueSet/BRNaturezaJuridica-1.0"/><version value="0.1.0"/><name value="BRNaturezaJuridica"/><title value="Natureza Jurídica"/><status value="active"/><experimental value="false"/><date value="2020-03-12T13:22:15.2636027+00:00"/><publisher value="Rede Nacional de Dados em Saúde"/><contact><name value="Rede Nacional de Dados em Saúde"/><telecom><system value="url"/><value value="https://github.com/kyriosdata"/></telecom><telecom><system value="email"/><value value="rnds@saude.gov.br"/></telecom></contact><description value="Identifica a constituição jurídico-institucional das entidades públicas e privadas nos cadastros da administração pública do Brasil."/><immutable value="false"/><compose><include><system value="http://www.saude.gov.br/fhir/r4/CodeSystem/BRNaturezaJuridica"/><version value="*"/></include></compose></ValueSet>