{
  "resourceType": "CodeSystem",
  "id": "BRResponsabilidadeParticipante",
  "meta": {
    "lastUpdated": "2020-03-11T15:20:28.411-03:00"
  },
  "language": "pt-BR",
  "text": {
    "status": "generated",
    "div": "<div xmlns=\"http://www.w3.org/1999/xhtml\" xml:lang=\"pt-BR\" lang=\"pt-BR\"><p>This code system http://www.saude.gov.br/fhir/r4/CodeSystem/BRResponsabilidadeParticipante defines the following codes:</p><table class=\"codes\"><tr><td style=\"white-space:nowrap\"><b>Code</b></td><td><b>Display</b></td></tr><tr><td style=\"white-space:nowrap\">solicitante<a name=\"BRResponsabilidadeParticipante-solicitante\"> </a></td><td>Profissional que solicitou o Contato Assistencial</td></tr><tr><td style=\"white-space:nowrap\">autorizador<a name=\"BRResponsabilidadeParticipante-autorizador\"> </a></td><td>Profissional que autorizou a realização do Contato Assistencial</td></tr><tr><td style=\"white-space:nowrap\">admissao<a name=\"BRResponsabilidadeParticipante-admissao\"> </a></td><td>Profissional que admitiu do indivíduo no Contato Assistencial</td></tr><tr><td style=\"white-space:nowrap\">alta<a name=\"BRResponsabilidadeParticipante-alta\"> </a></td><td>Profissional que realizou a alta do indivíduo no Contato Assistencial</td></tr><tr><td style=\"white-space:nowrap\">atendimento<a name=\"BRResponsabilidadeParticipante-atendimento\"> </a></td><td>Profissional responsável pelo atendimento clínico Contato Assistencial</td></tr></table></div>"
  },
  "url": "http://www.saude.gov.br/fhir/r4/CodeSystem/BRResponsabilidadeParticipante",
  "version": "0.1.0",
  "name": "Reponsabilidade no Contato Assistencial",
  "title": "Papel do profissional no contato assistencial",
  "status": "active",
  "experimental": false,
  "date": "2020-03-11T18:20:48.9276301+00:00",
  "publisher": "Rede Nacional de Dados em Saúde",
  "contact": [
    {
      "name": "Rede Nacional de Dados em Saúde",
      "telecom": [
        {
          "system": "url",
          "value": "https://github.com/kyriosdata"
        },
        {
          "system": "email",
          "value": "rnds@saude.gov.br"
        }
      ]
    }
  ],
  "description": "Classifica o tipo de responsabilidade de indivíduos ou profissionais no Contato Assisntecial.",
  "content": "complete",
  "count": 5,
  "concept": [
    {
      "code": "solicitante",
      "display": "Profissional que solicitou o Contato Assistencial"
    },
    {
      "code": "autorizador",
      "display": "Profissional que autorizou a realização do Contato Assistencial"
    },
    {
      "code": "admissao",
      "display": "Profissional que admitiu do indivíduo no Contato Assistencial"
    },
    {
      "code": "alta",
      "display": "Profissional que realizou a alta do indivíduo no Contato Assistencial"
    },
    {
      "code": "atendimento",
      "display": "Profissional responsável pelo atendimento clínico Contato Assistencial"
    }
  ]
}