{
  "resourceType": "CodeSystem",
  "id": "BRModalidadeAssistencial",
  "meta": {
    "lastUpdated": "2020-03-11T15:15:59.439-03:00"
  },
  "language": "pt-BR",
  "text": {
    "status": "generated",
    "div": "<div xmlns=\"http://www.w3.org/1999/xhtml\" xml:lang=\"pt-BR\" lang=\"pt-BR\"><p>This code system http://www.saude.gov.br/fhir/r4/CodeSystem/BRModalidadeAssistencial defines the following codes:</p><table class=\"codes\"><tr><td style=\"white-space:nowrap\"><b>Code</b></td><td><b>Display</b></td></tr><tr><td style=\"white-space:nowrap\">01<a name=\"BRModalidadeAssistencial-01\"> </a></td><td>Atenção Básica</td></tr><tr><td style=\"white-space:nowrap\">02<a name=\"BRModalidadeAssistencial-02\"> </a></td><td>Atenção Domiciliar</td></tr><tr><td style=\"white-space:nowrap\">03<a name=\"BRModalidadeAssistencial-03\"> </a></td><td>Atenção Intermediária</td></tr><tr><td style=\"white-space:nowrap\">04<a name=\"BRModalidadeAssistencial-04\"> </a></td><td>Atenção Hospitalar</td></tr><tr><td style=\"white-space:nowrap\">05<a name=\"BRModalidadeAssistencial-05\"> </a></td><td>Atenção Psicossocial</td></tr><tr><td style=\"white-space:nowrap\">06<a name=\"BRModalidadeAssistencial-06\"> </a></td><td>Atenção à Urgência/Emergência</td></tr><tr><td style=\"white-space:nowrap\">07<a name=\"BRModalidadeAssistencial-07\"> </a></td><td>Ambulatorial Especializada</td></tr></table></div>"
  },
  "url": "http://www.saude.gov.br/fhir/r4/CodeSystem/BRModalidadeAssistencial",
  "version": "0.1.0",
  "name": "Modalidade Assistencial",
  "title": "Modalidade de assistência",
  "status": "active",
  "experimental": false,
  "date": "2020-03-11T18:16:19.9468275+00:00",
  "publisher": "Rede Nacional de Dados em Saúde",
  "contact": [
    {
      "name": "Rede Nacional de Dados em Saúde",
      "telecom": [
        {
          "system": "url",
          "value": "https://github.com/kyriosdata"
        },
        {
          "system": "email",
          "value": "rnds@saude.gov.br"
        }
      ]
    }
  ],
  "description": "Classifica os contatos assistenciais de acordo com as especificidades do modo, local e duração do atendimento",
  "content": "complete",
  "count": 7,
  "concept": [
    {
      "code": "01",
      "display": "Atenção Básica"
    },
    {
      "code": "02",
      "display": "Atenção Domiciliar"
    },
    {
      "code": "03",
      "display": "Atenção Intermediária"
    },
    {
      "code": "04",
      "display": "Atenção Hospitalar"
    },
    {
      "code": "05",
      "display": "Atenção Psicossocial"
    },
    {
      "code": "06",
      "display": "Atenção à Urgência/Emergência"
    },
    {
      "code": "07",
      "display": "Ambulatorial Especializada"
    }
  ]
}