{
  "resourceType": "CodeSystem",
  "id": "BRProcedencia",
  "meta": {
    "lastUpdated": "2020-04-17T11:46:11.153-03:00"
  },
  "language": "pt-BR",
  "text": {
    "status": "generated",
    "div": "<div xmlns=\"http://www.w3.org/1999/xhtml\" xml:lang=\"pt-BR\" lang=\"pt-BR\"><p>This code system http://www.saude.gov.br/fhir/r4/CodeSystem/BRProcedencia defines the following codes:</p><table class=\"codes\"><tr><td style=\"white-space:nowrap\"><b>Code</b></td><td><b>Display</b></td></tr><tr><td style=\"white-space:nowrap\">09<a name=\"BRProcedencia-09\"> </a></td><td>Demanda espontânea</td></tr><tr><td style=\"white-space:nowrap\">10<a name=\"BRProcedencia-10\"> </a></td><td>Ordem Judicial</td></tr><tr><td style=\"white-space:nowrap\">11<a name=\"BRProcedencia-11\"> </a></td><td>Retorno</td></tr><tr><td style=\"white-space:nowrap\">12<a name=\"BRProcedencia-12\"> </a></td><td>Demanda referenciada</td></tr><tr><td style=\"white-space:nowrap\">99<a name=\"BRProcedencia-99\"> </a></td><td>Informação ausente no modelo de origem</td></tr></table></div>"
  },
  "url": "http://www.saude.gov.br/fhir/r4/CodeSystem/BRProcedencia",
  "version": "0.1.0",
  "name": "BRProcedencia",
  "title": "Procedência",
  "status": "active",
  "experimental": false,
  "date": "2020-04-17T14:46:08.158574+00:00",
  "publisher": "Rede Nacional de Dados em Saúde",
  "contact": [
    {
      "name": "Rede Nacional de Dados em Saúde",
      "telecom": [
        {
          "system": "url",
          "value": "https://github.com/kyriosdata"
        },
        {
          "system": "email",
          "value": "rnds@saude.gov.br"
        }
      ]
    }
  ],
  "description": "Identifica o serviço que encaminhou o indivíduo ou a sua iniciativa/de seu responsável na busca pelo acesso ao serviço de saúde.",
  "content": "complete",
  "count": 5,
  "concept": [
    {
      "code": "09",
      "display": "Demanda espontânea"
    },
    {
      "code": "10",
      "display": "Ordem Judicial"
    },
    {
      "code": "11",
      "display": "Retorno"
    },
    {
      "code": "12",
      "display": "Demanda referenciada"
    },
    {
      "code": "99",
      "display": "Informação ausente no modelo de origem"
    }
  ]
}