{
  "resourceType": "CodeSystem",
  "id": "BRLocalAplicacao",
  "meta": {
    "lastUpdated": "2020-03-11T15:15:34.465-03:00"
  },
  "language": "pt-BR",
  "text": {
    "status": "generated",
    "div": "<div xmlns=\"http://www.w3.org/1999/xhtml\" xml:lang=\"pt-BR\" lang=\"pt-BR\"><p>This code system http://www.saude.gov.br/fhir/r4/CodeSystem/BRLocalAplicacao defines the following codes:</p><table class=\"codes\"><tr><td style=\"white-space:nowrap\"><b>Code</b></td><td><b>Display</b></td></tr><tr><td style=\"white-space:nowrap\">1<a name=\"BRLocalAplicacao-1\"> </a></td><td>Déltoide Direito</td></tr><tr><td style=\"white-space:nowrap\">2<a name=\"BRLocalAplicacao-2\"> </a></td><td>Deltóide Esquerdo</td></tr><tr><td style=\"white-space:nowrap\">3<a name=\"BRLocalAplicacao-3\"> </a></td><td>Vasto Lateral da Coxa Direita</td></tr><tr><td style=\"white-space:nowrap\">4<a name=\"BRLocalAplicacao-4\"> </a></td><td>Vasto Lateral da Coxa Esquerda</td></tr><tr><td style=\"white-space:nowrap\">5<a name=\"BRLocalAplicacao-5\"> </a></td><td>Ventroglúteo Direito</td></tr><tr><td style=\"white-space:nowrap\">6<a name=\"BRLocalAplicacao-6\"> </a></td><td>Ventroglúteo Esquerdo</td></tr><tr><td style=\"white-space:nowrap\">7<a name=\"BRLocalAplicacao-7\"> </a></td><td>Glúteo</td></tr><tr><td style=\"white-space:nowrap\">8<a name=\"BRLocalAplicacao-8\"> </a></td><td>Ferimento Local</td></tr></table></div>"
  },
  "url": "http://www.saude.gov.br/fhir/r4/CodeSystem/BRLocalAplicacao",
  "version": "0.1.0",
  "name": "Local de Aplicação",
  "title": "Local anatômico de aplicação de injetável",
  "status": "active",
  "experimental": false,
  "date": "2020-03-11T18:15:54.9540124+00:00",
  "publisher": "Rede Nacional de Dados em Saúde",
  "contact": [
    {
      "name": "Rede Nacional de Dados em Saúde",
      "telecom": [
        {
          "system": "url",
          "value": "https://github.com/kyriosdata"
        },
        {
          "system": "email",
          "value": "rnds@saude.gov.br"
        }
      ]
    }
  ],
  "description": "Define a localização anatômica de aplicação de um injetável",
  "content": "complete",
  "count": 8,
  "concept": [
    {
      "code": "1",
      "display": "Déltoide Direito"
    },
    {
      "code": "2",
      "display": "Deltóide Esquerdo"
    },
    {
      "code": "3",
      "display": "Vasto Lateral da Coxa Direita"
    },
    {
      "code": "4",
      "display": "Vasto Lateral da Coxa Esquerda"
    },
    {
      "code": "5",
      "display": "Ventroglúteo Direito"
    },
    {
      "code": "6",
      "display": "Ventroglúteo Esquerdo"
    },
    {
      "code": "7",
      "display": "Glúteo"
    },
    {
      "code": "8",
      "display": "Ferimento Local"
    }
  ]
}