{
  "resourceType": "CodeSystem",
  "id": "BRMotivoDesfecho",
  "meta": {
    "lastUpdated": "2020-03-11T15:16:07.800-03:00"
  },
  "language": "pt-BR",
  "text": {
    "status": "generated",
    "div": "<div xmlns=\"http://www.w3.org/1999/xhtml\" xml:lang=\"pt-BR\" lang=\"pt-BR\"><p>This code system http://www.saude.gov.br/fhir/r4/CodeSystem/BRMotivoDesfecho defines the following codes:</p><table class=\"codes\"><tr><td style=\"white-space:nowrap\"><b>Code</b></td><td><b>Display</b></td></tr><tr><td style=\"white-space:nowrap\">01<a name=\"BRMotivoDesfecho-01\"> </a></td><td>Alta clínica</td></tr><tr><td style=\"white-space:nowrap\">02<a name=\"BRMotivoDesfecho-02\"> </a></td><td>Alta Voluntária</td></tr><tr><td style=\"white-space:nowrap\">03<a name=\"BRMotivoDesfecho-03\"> </a></td><td>Encaminhamento</td></tr><tr><td style=\"white-space:nowrap\">04<a name=\"BRMotivoDesfecho-04\"> </a></td><td>Evasão</td></tr><tr><td style=\"white-space:nowrap\">05<a name=\"BRMotivoDesfecho-05\"> </a></td><td>Ordem Judicial</td></tr><tr><td style=\"white-space:nowrap\">06<a name=\"BRMotivoDesfecho-06\"> </a></td><td>Óbito</td></tr><tr><td style=\"white-space:nowrap\">07<a name=\"BRMotivoDesfecho-07\"> </a></td><td>Permanência</td></tr><tr><td style=\"white-space:nowrap\">08<a name=\"BRMotivoDesfecho-08\"> </a></td><td>Retorno</td></tr><tr><td style=\"white-space:nowrap\">09<a name=\"BRMotivoDesfecho-09\"> </a></td><td>Transferência</td></tr></table></div>"
  },
  "url": "http://www.saude.gov.br/fhir/r4/CodeSystem/BRMotivoDesfecho",
  "version": "0.1.0",
  "name": "Motivo do Desfecho",
  "title": "Motivo do desfecho",
  "status": "active",
  "experimental": false,
  "date": "2020-03-11T18:16:28.3110021+00:00",
  "publisher": "Rede Nacional de Dados em Saúde",
  "contact": [
    {
      "name": "Rede Nacional de Dados em Saúde",
      "telecom": [
        {
          "system": "url",
          "value": "https://github.com/kyriosdata"
        },
        {
          "system": "email",
          "value": "rnds@saude.gov.br"
        }
      ]
    }
  ],
  "description": "Caracteriza o motivo de conclusão total ou parcial do contato assistencial.",
  "content": "complete",
  "count": 9,
  "concept": [
    {
      "code": "01",
      "display": "Alta clínica"
    },
    {
      "code": "02",
      "display": "Alta Voluntária"
    },
    {
      "code": "03",
      "display": "Encaminhamento"
    },
    {
      "code": "04",
      "display": "Evasão"
    },
    {
      "code": "05",
      "display": "Ordem Judicial"
    },
    {
      "code": "06",
      "display": "Óbito"
    },
    {
      "code": "07",
      "display": "Permanência"
    },
    {
      "code": "08",
      "display": "Retorno"
    },
    {
      "code": "09",
      "display": "Transferência"
    }
  ]
}