{
  "resourceType": "CodeSystem",
  "id": "BRFinanciamento",
  "meta": {
    "lastUpdated": "2020-03-11T15:12:26.041-03:00"
  },
  "language": "pt-BR",
  "text": {
    "status": "generated",
    "div": "<div xmlns=\"http://www.w3.org/1999/xhtml\" xml:lang=\"pt-BR\" lang=\"pt-BR\"><p>This code system http://www.saude.gov.br/fhir/r4/CodeSystem/BRFinanciamento defines the following codes:</p><table class=\"codes\"><tr><td style=\"white-space:nowrap\"><b>Code</b></td><td><b>Display</b></td></tr><tr><td style=\"white-space:nowrap\">01<a name=\"BRFinanciamento-01\"> </a></td><td>Sistema Único de Saúde - SUS</td></tr><tr><td style=\"white-space:nowrap\">02<a name=\"BRFinanciamento-02\"> </a></td><td>Plano de Saúde Público</td></tr><tr><td style=\"white-space:nowrap\">03<a name=\"BRFinanciamento-03\"> </a></td><td>Plano de Saúde Privado</td></tr><tr><td style=\"white-space:nowrap\">04<a name=\"BRFinanciamento-04\"> </a></td><td>Particular</td></tr><tr><td style=\"white-space:nowrap\">05<a name=\"BRFinanciamento-05\"> </a></td><td>Gratuidade</td></tr></table></div>"
  },
  "url": "http://www.saude.gov.br/fhir/r4/CodeSystem/BRFinanciamento",
  "version": "0.1.0",
  "name": "BRFinanciamento",
  "title": "Forma de financiamento",
  "status": "active",
  "experimental": false,
  "date": "2020-03-11T18:12:46.5570008+00:00",
  "publisher": "Rede Nacional de Dados em Saúde",
  "contact": [
    {
      "name": "Rede Nacional de Dados em Saúde",
      "telecom": [
        {
          "system": "url",
          "value": "https://github.com/kyriosdata"
        },
        {
          "system": "email",
          "value": "rnds@saude.gov.br"
        }
      ]
    }
  ],
  "description": "Terminologia que descreve o agente, instituição ou entidade responsável por custear as ações e serviços de saúde.",
  "content": "complete",
  "count": 5,
  "concept": [
    {
      "code": "01",
      "display": "Sistema Único de Saúde - SUS"
    },
    {
      "code": "02",
      "display": "Plano de Saúde Público"
    },
    {
      "code": "03",
      "display": "Plano de Saúde Privado"
    },
    {
      "code": "04",
      "display": "Particular"
    },
    {
      "code": "05",
      "display": "Gratuidade"
    }
  ]
}