{
  "resourceType": "CodeSystem",
  "id": "BRSubgrupoTabelaSUS",
  "meta": {
    "lastUpdated": "2020-03-26T10:16:25.364-03:00"
  },
  "language": "pt-BR",
  "text": {
    "status": "generated",
    "div": "<div xmlns=\"http://www.w3.org/1999/xhtml\" xml:lang=\"pt-BR\" lang=\"pt-BR\"><p>This code system http://www.saude.gov.br/fhir/r4/CodeSystem/BRSubgrupoTabelaSUS defines the following codes:</p><table class=\"codes\"><tr><td style=\"white-space:nowrap\"><b>Code</b></td><td><b>Display</b></td></tr><tr><td style=\"white-space:nowrap\">0202<a name=\"BRSubgrupoTabelaSUS-0202\"> </a></td><td>Diagnóstico em laboratório clínico</td></tr><tr><td style=\"white-space:nowrap\">0203<a name=\"BRSubgrupoTabelaSUS-0203\"> </a></td><td>Diagnóstico em anatomia patológica e citopatologia</td></tr><tr><td style=\"white-space:nowrap\">0204<a name=\"BRSubgrupoTabelaSUS-0204\"> </a></td><td>Diagnóstico em radiologia</td></tr><tr><td style=\"white-space:nowrap\">0205<a name=\"BRSubgrupoTabelaSUS-0205\"> </a></td><td>Diagnóstico em ultrassonografia</td></tr><tr><td style=\"white-space:nowrap\">0206<a name=\"BRSubgrupoTabelaSUS-0206\"> </a></td><td>Diagnóstico em tomografia</td></tr><tr><td style=\"white-space:nowrap\">0207<a name=\"BRSubgrupoTabelaSUS-0207\"> </a></td><td>Diagnóstico em ressonância magnética</td></tr><tr><td style=\"white-space:nowrap\">0208<a name=\"BRSubgrupoTabelaSUS-0208\"> </a></td><td>Diagnóstico em medicina nuclear in vitro</td></tr><tr><td style=\"white-space:nowrap\">0209<a name=\"BRSubgrupoTabelaSUS-0209\"> </a></td><td>Diagnóstico em endoscopia</td></tr><tr><td style=\"white-space:nowrap\">0210<a name=\"BRSubgrupoTabelaSUS-0210\"> </a></td><td>Diagnóstico em radiologia intervencionista</td></tr><tr><td style=\"white-space:nowrap\">0211<a name=\"BRSubgrupoTabelaSUS-0211\"> </a></td><td>Métodos diagnósticos em especialidades</td></tr><tr><td style=\"white-space:nowrap\">0212<a name=\"BRSubgrupoTabelaSUS-0212\"> </a></td><td>Diagnóstico e procedimentos especiais em hemoterapia</td></tr><tr><td style=\"white-space:nowrap\">0213<a name=\"BRSubgrupoTabelaSUS-0213\"> </a></td><td>Diagnóstico em vigilância epidemiológica e ambiental</td></tr><tr><td style=\"white-space:nowrap\">0214<a name=\"BRSubgrupoTabelaSUS-0214\"> </a></td><td>Diagnóstico por teste rápido</td></tr></table></div>"
  },
  "url": "http://www.saude.gov.br/fhir/r4/CodeSystem/BRSubgrupoTabelaSUS",
  "version": "0.1.0",
  "name": "Subgrupo da Tabela SUS",
  "title": "Subgrupo Tabela SUS",
  "status": "active",
  "experimental": false,
  "date": "2020-03-26T13:16:24.2409223+00:00",
  "publisher": "Rede Nacional de Dados em Saúde",
  "contact": [
    {
      "name": "Rede Nacional de Dados em Saúde",
      "telecom": [
        {
          "system": "url",
          "value": "https://github.com/kyriosdata"
        },
        {
          "system": "email",
          "value": "rnds@saude.gov.br"
        }
      ]
    }
  ],
  "description": "O subgrupo é o segundo nível da hierarquia da Tabela SUS e seus códigos ajudam a classificar e localizar procedimentos.",
  "content": "complete",
  "count": 13,
  "concept": [
    {
      "code": "0202",
      "display": "Diagnóstico em laboratório clínico"
    },
    {
      "code": "0203",
      "display": "Diagnóstico em anatomia patológica e citopatologia"
    },
    {
      "code": "0204",
      "display": "Diagnóstico em radiologia"
    },
    {
      "code": "0205",
      "display": "Diagnóstico em ultrassonografia"
    },
    {
      "code": "0206",
      "display": "Diagnóstico em tomografia"
    },
    {
      "code": "0207",
      "display": "Diagnóstico em ressonância magnética"
    },
    {
      "code": "0208",
      "display": "Diagnóstico em medicina nuclear in vitro"
    },
    {
      "code": "0209",
      "display": "Diagnóstico em endoscopia"
    },
    {
      "code": "0210",
      "display": "Diagnóstico em radiologia intervencionista"
    },
    {
      "code": "0211",
      "display": "Métodos diagnósticos em especialidades"
    },
    {
      "code": "0212",
      "display": "Diagnóstico e procedimentos especiais em hemoterapia"
    },
    {
      "code": "0213",
      "display": "Diagnóstico em vigilância epidemiológica e ambiental"
    },
    {
      "code": "0214",
      "display": "Diagnóstico por teste rápido"
    }
  ]
}