{
  "resourceType": "CodeSystem",
  "id": "BRTipoObservacao",
  "meta": {
    "lastUpdated": "2020-03-11T15:25:29.666-03:00"
  },
  "language": "pt-BR",
  "text": {
    "status": "generated",
    "div": "<div xmlns=\"http://www.w3.org/1999/xhtml\" xml:lang=\"pt-BR\" lang=\"pt-BR\"><p>This code system http://www.saude.gov.br/fhir/r4/CodeSystem/BRTipoObservacao defines the following codes:</p><table class=\"codes\"><tr><td style=\"white-space:nowrap\"><b>Code</b></td><td><b>Display</b></td></tr><tr><td style=\"white-space:nowrap\">DSIA<a name=\"BRTipoObservacao-DSIA\"> </a></td><td>Declaração Subjetiva do Indivíudo para o Atendimento</td></tr><tr><td style=\"white-space:nowrap\">RECIDI<a name=\"BRTipoObservacao-RECIDI\"> </a></td><td>Resumo da evolução clínica do indivíduo durante a internação</td></tr><tr><td style=\"white-space:nowrap\">DF<a name=\"BRTipoObservacao-DF\"> </a></td><td>Dados do desfecho</td></tr><tr><td style=\"white-space:nowrap\">IAC<a name=\"BRTipoObservacao-IAC\"> </a></td><td>Informações Adicionais/Complementares</td></tr><tr><td style=\"white-space:nowrap\">P<a name=\"BRTipoObservacao-P\"> </a></td><td>Peso</td></tr><tr><td style=\"white-space:nowrap\">A<a name=\"BRTipoObservacao-A\"> </a></td><td>Altura</td></tr><tr><td style=\"white-space:nowrap\">PC<a name=\"BRTipoObservacao-PC\"> </a></td><td>Perímetro Cefálico</td></tr><tr><td style=\"white-space:nowrap\">CA<a name=\"BRTipoObservacao-CA\"> </a></td><td>Circunferência Abdominal</td></tr><tr><td style=\"white-space:nowrap\">PA<a name=\"BRTipoObservacao-PA\"> </a></td><td>Pressão Arterial</td></tr></table></div>"
  },
  "url": "http://www.saude.gov.br/fhir/r4/CodeSystem/BRTipoObservacao",
  "version": "0.1.0",
  "name": "Tipo de Observação",
  "title": "Tipo de observação",
  "status": "active",
  "experimental": false,
  "date": "2020-03-11T18:25:50.173869+00:00",
  "publisher": "Rede Nacional de Dados em Saúde",
  "contact": [
    {
      "name": "Rede Nacional de Dados em Saúde",
      "telecom": [
        {
          "system": "url",
          "value": "https://github.com/kyriosdata"
        },
        {
          "system": "email",
          "value": "rnds@saude.gov.br"
        }
      ]
    }
  ],
  "description": "Tipo de Observação.",
  "content": "complete",
  "count": 9,
  "concept": [
    {
      "code": "DSIA",
      "display": "Declaração Subjetiva do Indivíudo para o Atendimento"
    },
    {
      "code": "RECIDI",
      "display": "Resumo da evolução clínica do indivíduo durante a internação"
    },
    {
      "code": "DF",
      "display": "Dados do desfecho"
    },
    {
      "code": "IAC",
      "display": "Informações Adicionais/Complementares"
    },
    {
      "code": "P",
      "display": "Peso"
    },
    {
      "code": "A",
      "display": "Altura"
    },
    {
      "code": "PC",
      "display": "Perímetro Cefálico"
    },
    {
      "code": "CA",
      "display": "Circunferência Abdominal"
    },
    {
      "code": "PA",
      "display": "Pressão Arterial"
    }
  ]
}