{
  "resourceType": "ValueSet",
  "id": "BRClassificacaoLista-1.0",
  "meta": {
    "lastUpdated": "2020-03-11T16:15:18.862-03:00"
  },
  "language": "pt-BR",
  "text": {
    "status": "generated",
    "div": "<div xmlns=\"http://www.w3.org/1999/xhtml\" xml:lang=\"pt-BR\" lang=\"pt-BR\"><ul><li>Include all codes defined in <a href=\"CodeSystem-BRClassificacaoLista.html\"><code>http://www.saude.gov.br/fhir/r4/CodeSystem/BRClassificacaoLista</code></a></li></ul></div>"
  },
  "url": "http://www.saude.gov.br/fhir/r4/ValueSet/BRClassificacaoLista-1.0",
  "version": "0.1.0",
  "name": "BRClassificacaoLista",
  "title": "Classificação das Listas",
  "status": "active",
  "experimental": false,
  "date": "2020-03-11T19:15:39.3549501+00:00",
  "publisher": "Rede Nacional de Dados em Saúde",
  "contact": [
    {
      "name": "Rede Nacional de Dados em Saúde",
      "telecom": [
        {
          "system": "url",
          "value": "https://github.com/kyriosdata"
        },
        {
          "system": "email",
          "value": "rnds@saude.gov.br"
        }
      ]
    }
  ],
  "description": "ValueSet utilizado para classificar os tipos de listas utilizados na Rede Nacional de Dados em Saúde.",
  "immutable": false,
  "compose": {
    "include": [
      {
        "system": "http://www.saude.gov.br/fhir/r4/CodeSystem/BRClassificacaoLista",
        "version": "*"
      }
    ]
  }
}