{
  "resourceType": "ValueSet",
  "id": "BRJustificativaIndividuoNaoIdentificado-1.0",
  "meta": {
    "versionId": "3",
    "lastUpdated": "2020-04-07T17:51:20.273-03:00"
  },
  "language": "pt-BR",
  "text": {
    "status": "generated",
    "div": "<div xmlns=\"http://www.w3.org/1999/xhtml\" xml:lang=\"pt-BR\" lang=\"pt-BR\"><ul><li>Include all codes defined in <a href=\"CodeSystem-BRJustificativaIndividuoNaoIdentificado.html\"><code>http://www.saude.gov.br/fhir/r4/CodeSystem/BRJustificativaIndividuoNaoIdentificado</code></a></li></ul></div>"
  },
  "url": "http://www.saude.gov.br/fhir/r4/ValueSet/BRJustificativaIndividuoNaoIdentificado-1.0",
  "version": "0.1.0",
  "name": "BRJustificativaIndividuoNaoIdentificado",
  "title": "Justificativa para não identificação do indivíduo",
  "status": "active",
  "experimental": false,
  "date": "2020-04-07T20:51:17.5349531+00:00",
  "publisher": "Rede Nacional de Dados em Saúde",
  "contact": [
    {
      "name": "Rede Nacional de Dados em Saúde",
      "telecom": [
        {
          "system": "url",
          "value": "https://github.com/kyriosdata"
        },
        {
          "system": "email",
          "value": "rnds@saude.gov.br"
        }
      ]
    }
  ],
  "description": "Classifica as razões pelo qual não foi possível obter os dados de identificação do indivíduo em um contato assistencial. (Port. nº 84/SAS/MS/1997 e Port. nº02/SAS/SGEP/MS/2012)",
  "immutable": false,
  "compose": {
    "include": [
      {
        "system": "http://www.saude.gov.br/fhir/r4/CodeSystem/BRJustificativaIndividuoNaoIdentificado",
        "version": "*"
      }
    ]
  }
}