{
  "resourceType": "ValueSet",
  "id": "BRViaAdministracao-1.0",
  "meta": {
    "lastUpdated": "2020-03-12T11:51:30.604-03:00"
  },
  "language": "pt-BR",
  "text": {
    "status": "generated",
    "div": "<div xmlns=\"http://www.w3.org/1999/xhtml\" xml:lang=\"pt-BR\" lang=\"pt-BR\"><ul><li>Include all codes defined in <a href=\"CodeSystem-BRViaAdministracao.html\"><code>http://www.saude.gov.br/fhir/r4/CodeSystem/BRViaAdministracao</code></a></li></ul></div>"
  },
  "url": "http://www.saude.gov.br/fhir/r4/ValueSet/BRViaAdministracao-1.0",
  "version": "0.1.0",
  "name": "BRViaAdministracao",
  "title": "Via de Administração do Imunobiológico",
  "status": "active",
  "experimental": false,
  "date": "2020-03-12T14:51:30.2531733+00:00",
  "publisher": "Rede Nacional de Dados em Saúde",
  "contact": [
    {
      "name": "Rede Nacional de Dados em Saúde",
      "telecom": [
        {
          "system": "url",
          "value": "https://github.com/kyriosdata"
        },
        {
          "system": "email",
          "value": "rnds@saude.gov.br"
        }
      ]
    }
  ],
  "description": "Via de administração de um imunobiológico.",
  "immutable": false,
  "compose": {
    "include": [
      {
        "system": "http://www.saude.gov.br/fhir/r4/CodeSystem/BRViaAdministracao",
        "version": "*"
      }
    ]
  }
}