{
  "resourceType": "ValueSet",
  "id": "BRCaraterAtendimento-1.0",
  "meta": {
    "lastUpdated": "2020-03-11T15:39:15.362-03:00"
  },
  "language": "pt-BR",
  "text": {
    "status": "generated",
    "div": "<div xmlns=\"http://www.w3.org/1999/xhtml\" xml:lang=\"pt-BR\" lang=\"pt-BR\"><ul><li>Include all codes defined in <a href=\"CodeSystem-BRCaraterAtendimento.html\"><code>http://www.saude.gov.br/fhir/r4/CodeSystem/BRCaraterAtendimento</code></a></li></ul></div>"
  },
  "url": "http://www.saude.gov.br/fhir/r4/ValueSet/BRCaraterAtendimento-1.0",
  "version": "0.1.0",
  "name": "BRCaraterAtendimento",
  "title": "Caráter de atendimento do Contato Assistencial",
  "status": "active",
  "experimental": false,
  "date": "2020-03-11T18:39:35.2063756+00:00",
  "publisher": "Rede Nacional de Dados em Saúde",
  "contact": [
    {
      "name": "Rede Nacional de Dados em Saúde",
      "telecom": [
        {
          "system": "url",
          "value": "https://github.com/kyriosdata"
        },
        {
          "system": "email",
          "value": "rnds@saude.gov.br"
        }
      ]
    }
  ],
  "description": "ValueSet utilizado para classificar a prioridade de realização de um Contato Assistencial.",
  "immutable": false,
  "compose": {
    "include": [
      {
        "system": "http://www.saude.gov.br/fhir/r4/CodeSystem/BRCaraterAtendimento",
        "version": "*"
      }
    ]
  }
}