{
  "resourceType": "ValueSet",
  "id": "BRCIAP2-1.0",
  "meta": {
    "lastUpdated": "2020-03-11T15:43:23.180-03:00"
  },
  "language": "pt-BR",
  "text": {
    "status": "generated",
    "div": "<div xmlns=\"http://www.w3.org/1999/xhtml\" xml:lang=\"pt-BR\" lang=\"pt-BR\"><ul><li>Include all codes defined in <a href=\"CodeSystem-BRCIAP2.html\"><code>http://www.saude.gov.br/fhir/r4/CodeSystem/BRCIAP2</code></a></li></ul></div>"
  },
  "url": "http://www.saude.gov.br/fhir/r4/ValueSet/BRCIAP2-1.0",
  "version": "0.1.0",
  "name": "BRCIAP2",
  "title": "Classificação Internacional de Atenção Primária - Segunda Edição - CIAP2",
  "status": "active",
  "experimental": false,
  "date": "2020-03-11T18:43:43.0294815+00:00",
  "publisher": "Rede Nacional de Dados em Saúde",
  "contact": [
    {
      "name": "Rede Nacional de Dados em Saúde",
      "telecom": [
        {
          "system": "url",
          "value": "https://github.com/kyriosdata"
        },
        {
          "system": "email",
          "value": "rnds@saude.gov.br"
        }
      ]
    }
  ],
  "description": "Classifica os problemas identificados no contato assistencial pelos profissionais de saúde, os motivos da contato assistencial e as respostas propostas pela equipe seguindo a sistematização SOA.",
  "immutable": false,
  "compose": {
    "include": [
      {
        "system": "http://www.saude.gov.br/fhir/r4/CodeSystem/BRCIAP2",
        "version": "*"
      }
    ]
  }
}