{
  "resourceType": "ValueSet",
  "id": "BRNaturezaJuridica-1.0",
  "meta": {
    "lastUpdated": "2020-03-12T10:22:15.965-03:00"
  },
  "language": "pt-BR",
  "text": {
    "status": "generated",
    "div": "<div xmlns=\"http://www.w3.org/1999/xhtml\" xml:lang=\"pt-BR\" lang=\"pt-BR\"><ul><li>Include all codes defined in <a href=\"CodeSystem-BRNaturezaJuridica.html\"><code>http://www.saude.gov.br/fhir/r4/CodeSystem/BRNaturezaJuridica</code></a></li></ul></div>"
  },
  "url": "http://www.saude.gov.br/fhir/r4/ValueSet/BRNaturezaJuridica-1.0",
  "version": "0.1.0",
  "name": "BRNaturezaJuridica",
  "title": "Natureza Jurídica",
  "status": "active",
  "experimental": false,
  "date": "2020-03-12T13:22:15.2636027+00:00",
  "publisher": "Rede Nacional de Dados em Saúde",
  "contact": [
    {
      "name": "Rede Nacional de Dados em Saúde",
      "telecom": [
        {
          "system": "url",
          "value": "https://github.com/kyriosdata"
        },
        {
          "system": "email",
          "value": "rnds@saude.gov.br"
        }
      ]
    }
  ],
  "description": "Identifica a constituição jurídico-institucional das entidades públicas e privadas nos cadastros da administração pública do Brasil.",
  "immutable": false,
  "compose": {
    "include": [
      {
        "system": "http://www.saude.gov.br/fhir/r4/CodeSystem/BRNaturezaJuridica",
        "version": "*"
      }
    ]
  }
}