{
  "resourceType": "ValueSet",
  "id": "BRTipoIdentificadorProcedimento-1.0",
  "meta": {
    "lastUpdated": "2020-03-12T11:50:37.306-03:00"
  },
  "language": "pt-BR",
  "text": {
    "status": "extensions",
    "div": "<div xmlns=\"http://www.w3.org/1999/xhtml\" xml:lang=\"pt-BR\" lang=\"pt-BR\"><ul><li>Include these codes as defined in <a href=\"CodeSystem-BRTipoIdentificador.html\"><code>http://www.saude.gov.br/fhir/r4/CodeSystem/BRTipoIdentificador</code></a><table class=\"none\"><tr><td style=\"white-space:nowrap\"><b>Code</b></td><td><b>Display</b></td><td><b>Definition</b></td></tr><tr><td><a href=\"CodeSystem-BRTipoIdentificador.html#BRTipoIdentificador-AUTH\">AUTH</a></td><td>Código de Autorização</td><td>Identificador da permissão para a realização de um procedimento.</td></tr></table></li></ul></div>"
  },
  "url": "http://www.saude.gov.br/fhir/r4/ValueSet/BRTipoIdentificadorProcedimento-1.0",
  "version": "0.1.0",
  "name": "BRTipoIdentificadorProcedimento",
  "title": "Tipo de Identificador do Procedimento",
  "status": "active",
  "experimental": false,
  "date": "2020-03-12T14:50:35.0809802+00:00",
  "publisher": "Rede Nacional de Dados em Saúde",
  "contact": [
    {
      "name": "Rede Nacional de Dados em Saúde",
      "telecom": [
        {
          "system": "url",
          "value": "https://github.com/kyriosdata"
        },
        {
          "system": "email",
          "value": "rnds@saude.gov.br"
        }
      ]
    }
  ],
  "description": "Classifica o tipo de identificador que está sendo utilizado para o procedimento.",
  "immutable": false,
  "compose": {
    "include": [
      {
        "system": "http://www.saude.gov.br/fhir/r4/CodeSystem/BRTipoIdentificador",
        "concept": [
          {
            "code": "AUTH"
          }
        ]
      }
    ]
  }
}