{
  "resourceType": "ValueSet",
  "id": "BREstadoEvento-1.0",
  "meta": {
    "lastUpdated": "2020-04-07T09:14:10.395-03:00"
  },
  "language": "pt-BR",
  "text": {
    "status": "extensions",
    "div": "<div xmlns=\"http://www.w3.org/1999/xhtml\" xml:lang=\"pt-BR\" lang=\"pt-BR\"><ul><li>Include these codes as defined in <a href=\"http://hl7.org/fhir/R4/codesystem-event-status.html\"><code>http://hl7.org/fhir/event-status</code></a><table class=\"none\"><tr><td style=\"white-space:nowrap\"><b>Code</b></td><td><b>Display</b></td><td><b>Definition</b></td></tr><tr><td><a href=\"http://hl7.org/fhir/R4/codesystem-event-status.html#event-status-preparation\">preparation</a></td><td>Solicitado</td><td>The core event has not started yet, but some staging activities have begun (e.g. surgical suite preparation).  Preparation stages may be tracked for billing purposes.</td></tr><tr><td><a href=\"http://hl7.org/fhir/R4/codesystem-event-status.html#event-status-on-hold\">on-hold</a></td><td>Suspenso</td><td>The event has been temporarily stopped but is expected to resume in the future.</td></tr><tr><td><a href=\"http://hl7.org/fhir/R4/codesystem-event-status.html#event-status-completed\">completed</a></td><td>Concluído</td><td>The event has now concluded.</td></tr><tr><td><a href=\"http://hl7.org/fhir/R4/codesystem-event-status.html#event-status-entered-in-error\">entered-in-error</a></td><td>Cancelado por informação errada</td><td>This electronic record should never have existed, though it is possible that real-world decisions were based on it.  (If real-world activity has occurred, the status should be &quot;stopped&quot; rather than &quot;entered-in-error&quot;.).</td></tr></table></li></ul></div>"
  },
  "url": "http://www.saude.gov.br/fhir/r4/ValueSet/BREstadoEvento-1.0",
  "version": "0.1.0",
  "name": "BREstadoEvento",
  "title": "Estado do Evento",
  "status": "active",
  "experimental": false,
  "date": "2020-04-07T12:14:07.8417018+00:00",
  "publisher": "Rede Nacional de Dados em Saúde",
  "contact": [
    {
      "name": "Rede Nacional de Dados em Saúde",
      "telecom": [
        {
          "system": "url",
          "value": "https://github.com/kyriosdata"
        },
        {
          "system": "email",
          "value": "rnds@saude.gov.br"
        }
      ]
    }
  ],
  "description": "Identificação do estado de um evento.",
  "immutable": false,
  "compose": {
    "include": [
      {
        "system": "http://hl7.org/fhir/event-status",
        "concept": [
          {
            "code": "preparation",
            "display": "Solicitado"
          },
          {
            "code": "on-hold",
            "display": "Suspenso"
          },
          {
            "code": "completed",
            "display": "Concluído"
          },
          {
            "code": "entered-in-error",
            "display": "Cancelado por informação errada"
          }
        ]
      }
    ]
  }
}