{
  "resourceType": "ValueSet",
  "id": "BRModalidadeAssistencial-1.0",
  "meta": {
    "lastUpdated": "2020-03-12T10:17:22.715-03:00"
  },
  "language": "pt-BR",
  "text": {
    "status": "generated",
    "div": "<div xmlns=\"http://www.w3.org/1999/xhtml\" xml:lang=\"pt-BR\" lang=\"pt-BR\"><ul><li>Include all codes defined in <a href=\"CodeSystem-BRModalidadeAssistencial.html\"><code>http://www.saude.gov.br/fhir/r4/CodeSystem/BRModalidadeAssistencial</code></a></li></ul></div>"
  },
  "url": "http://www.saude.gov.br/fhir/r4/ValueSet/BRModalidadeAssistencial-1.0",
  "version": "0.1.0",
  "name": "BRModalidadeAssistencial",
  "title": "Modalidade Assistencial",
  "status": "active",
  "experimental": false,
  "date": "2020-03-12T13:17:18.5012669+00:00",
  "publisher": "Rede Nacional de Dados em Saúde",
  "contact": [
    {
      "name": "Rede Nacional de Dados em Saúde",
      "telecom": [
        {
          "system": "url",
          "value": "https://github.com/kyriosdata"
        },
        {
          "system": "email",
          "value": "rnds@saude.gov.br"
        }
      ]
    }
  ],
  "description": "Classificação dos documentos e contatos assistenciais de acordo com as especificidades do modo, local e duração do atendimento.",
  "immutable": false,
  "compose": {
    "include": [
      {
        "system": "http://www.saude.gov.br/fhir/r4/CodeSystem/BRModalidadeAssistencial",
        "version": "*"
      }
    ]
  }
}