{
  "resourceType": "ValueSet",
  "id": "BRResultadoQualitativoExame-1.0",
  "meta": {
    "lastUpdated": "2020-03-26T10:21:39.798-03:00"
  },
  "language": "pt-BR",
  "text": {
    "status": "generated",
    "div": "<div xmlns=\"http://www.w3.org/1999/xhtml\" xml:lang=\"pt-BR\" lang=\"pt-BR\"><ul><li>Include all codes defined in <a href=\"CodeSystem-BRResultadoQualitativoExame.html\"><code>http://www.saude.gov.br/fhir/r4/CodeSystem/BRResultadoQualitativoExame</code></a></li></ul></div>"
  },
  "url": "http://www.saude.gov.br/fhir/r4/ValueSet/BRResultadoQualitativoExame-1.0",
  "version": "0.1.0",
  "name": "BRResultadoQualitativoExame",
  "title": "Resultado Qualitativo do Exame",
  "status": "active",
  "experimental": false,
  "date": "2020-03-26T13:21:38.6543319+00:00",
  "publisher": "Rede Nacional de Dados em Saúde",
  "contact": [
    {
      "name": "Rede Nacional de Dados em Saúde",
      "telecom": [
        {
          "system": "url",
          "value": "https://github.com/kyriosdata"
        },
        {
          "system": "email",
          "value": "rnds@saude.gov.br"
        }
      ]
    }
  ],
  "description": "ValueSet utilizado para definir o valor atribuído ao resultado de um exame laboratorial realizado por método de análise qualitativo.",
  "immutable": false,
  "compose": {
    "include": [
      {
        "system": "http://www.saude.gov.br/fhir/r4/CodeSystem/BRResultadoQualitativoExame",
        "version": "*"
      }
    ]
  }
}