{
  "resourceType": "ValueSet",
  "id": "BRPais-1.0",
  "meta": {
    "lastUpdated": "2020-03-13T18:12:15.917-03:00"
  },
  "language": "pt-BR",
  "text": {
    "status": "generated",
    "div": "<div xmlns=\"http://www.w3.org/1999/xhtml\" xml:lang=\"pt-BR\" lang=\"pt-BR\"><ul><li>Include all codes defined in <a href=\"CodeSystem-BRPais.html\"><code>http://www.saude.gov.br/fhir/r4/CodeSystem/BRPais</code></a></li></ul></div>"
  },
  "url": "http://www.saude.gov.br/fhir/r4/ValueSet/BRPais-1.0",
  "version": "0.1.0",
  "name": "BRPais",
  "title": "País",
  "status": "active",
  "experimental": false,
  "date": "2020-03-13T21:12:40.0380164+00:00",
  "publisher": "Rede Nacional de Dados em Saúde",
  "contact": [
    {
      "name": "Rede Nacional de Dados em Saúde",
      "telecom": [
        {
          "system": "url",
          "value": "https://github.com/kyriosdata"
        },
        {
          "system": "email",
          "value": "rnds@saude.gov.br"
        }
      ]
    }
  ],
  "description": "Códigos para representação de países.",
  "immutable": false,
  "compose": {
    "include": [
      {
        "system": "http://www.saude.gov.br/fhir/r4/CodeSystem/BRPais"
      }
    ]
  }
}