{
  "resourceType": "ValueSet",
  "id": "BREstadoMedicamentoLista-1.0",
  "meta": {
    "lastUpdated": "2020-03-12T10:09:34.050-03:00"
  },
  "language": "pt-BR",
  "text": {
    "status": "generated",
    "div": "<div xmlns=\"http://www.w3.org/1999/xhtml\" xml:lang=\"pt-BR\" lang=\"pt-BR\"><ul><li>Include all codes defined in <a href=\"CodeSystem-BREstadoMedicamentoLista.html\"><code>http://www.saude.gov.br/fhir/r4/CodeSystem/BREstadoMedicamentoLista</code></a></li></ul></div>"
  },
  "url": "http://www.saude.gov.br/fhir/r4/ValueSet/BREstadoMedicamentoLista-1.0",
  "version": "0.1.0",
  "name": "BREstadoMedicamentoLista",
  "title": "Estados do Medicamento numa Lista.",
  "status": "active",
  "experimental": false,
  "date": "2020-03-12T13:09:33.1414314+00:00",
  "publisher": "Rede Nacional de Dados em Saúde",
  "contact": [
    {
      "name": "Rede Nacional de Dados em Saúde",
      "telecom": [
        {
          "system": "url",
          "value": "https://github.com/kyriosdata"
        },
        {
          "system": "email",
          "value": "rnds@saude.gov.br"
        }
      ]
    }
  ],
  "description": "Classifica os estados de um medicamento em uma lista.",
  "immutable": false,
  "compose": {
    "include": [
      {
        "system": "http://www.saude.gov.br/fhir/r4/CodeSystem/BREstadoMedicamentoLista",
        "version": "*"
      }
    ]
  }
}